;id_transcript;orthoorthologues;tsm_scores
0;ENSCAFT00000031393_90_90;ENST00000377298_90_90:ENSMUST00000039144_90_90;0.934:0.883
1;ENSCAFT00000044983_90_90;ENST00000361311_90_90:ENSMUST00000105691_90_90;0.899:0.8490000000000001
2;ENST00000361311_90_90;ENSCAFT00000044983_90_90:ENSMUST00000105691_90_90;0.899:0.9440000000000001
3;ENST00000377298_90_90;ENSCAFT00000031393_90_90:ENSMUST00000039144_90_90;0.934:0.9490000000000001
4;ENST00000435891_90_90;;
5;ENSMUST00000039144_90_90;ENST00000377298_90_90:ENSCAFT00000031393_90_90;0.9490000000000001:0.883
6;ENSMUST00000105691_90_90;ENSCAFT00000044983_90_90:ENST00000361311_90_90;0.8490000000000001:0.9440000000000001
