;id_transcript;orthoorthologues;tsm_scores
0;ENSCAFT00000024268_90_90;ENST00000313478_90_90:ENST00000560955_90_90:ENSMUST00000028843_90_90:ENSMUST00000103224_90_90;0.879:0.8740000000000001:0.818:0.825
1;ENST00000313478_90_90;ENSCAFT00000024268_90_90:ENST00000560955_90_90:ENSMUST00000028843_90_90:ENSMUST00000103224_90_90;0.879:0.9540000000000001:0.7859999999999999:0.825
2;ENST00000560638_90_90;;
3;ENST00000560955_90_90;ENSCAFT00000024268_90_90:ENST00000313478_90_90:ENSMUST00000028843_90_90:ENSMUST00000103224_90_90;0.8740000000000001:0.9540000000000001:0.81:0.7859999999999999
4;ENST00000561267_90_90;ENSMUST00000136964_90_90;0.48700000000000004
5;ENSMUST00000028843_90_90;ENSCAFT00000024268_90_90:ENST00000313478_90_90:ENST00000560955_90_90:ENSMUST00000103224_90_90;0.818:0.7859999999999999:0.81:0.9520000000000001
6;ENSMUST00000103224_90_90;ENSCAFT00000024268_90_90:ENST00000313478_90_90:ENST00000560955_90_90:ENSMUST00000028843_90_90;0.825:0.825:0.7859999999999999:0.9520000000000001
7;ENSMUST00000136964_90_90;ENST00000561267_90_90;0.48700000000000004
