;id_transcript;orthoorthologues;tsm_scores
0;ENSCAFT00000027549_90_90;ENST00000368575_90_90:ENSMUST00000065418_90_90;0.8170000000000001:0.7959999999999999
1;ENST00000368575_90_90;ENSCAFT00000027549_90_90:ENSMUST00000065418_90_90;0.8170000000000001:0.621
2;ENST00000614713_90_90;;
3;ENSMUST00000065418_90_90;ENSCAFT00000027549_90_90:ENST00000368575_90_90;0.7959999999999999:0.621
4;ENSMUST00000107373_90_90;;
