;id_transcript;orthoorthologues;tsm_scores
0;ENSCAFT00000016744_90_90;ENST00000369755_90_90:ENSMUST00000051691_90_90;0.9990000000000001:0.9990000000000001
1;ENSCAFT00000045427_90_90;ENST00000335753_90_90:ENSMUST00000026043_90_90;0.9990000000000001:0.9990000000000001
2;ENST00000335753_90_90;ENSCAFT00000045427_90_90:ENSMUST00000026043_90_90;0.9990000000000001:1.0
3;ENST00000369755_90_90;ENSCAFT00000016744_90_90:ENSMUST00000051691_90_90;0.9990000000000001:1.0
4;ENSMUST00000026043_90_90;ENSCAFT00000045427_90_90:ENST00000335753_90_90;0.9990000000000001:1.0
5;ENSMUST00000051691_90_90;ENSCAFT00000016744_90_90:ENST00000369755_90_90;0.9990000000000001:1.0
