;id_transcript;orthoorthologues;tsm_scores
0;ENSCAFT00000009854_90_90;ENST00000228280_90_90:ENST00000347404_90_90:ENSMUST00000020129_90_90:ENSMUST00000105283_90_90;0.7859999999999999:0.7140000000000001:0.5:0.5710000000000001
1;ENST00000228280_90_90;ENSCAFT00000009854_90_90:ENST00000347404_90_90:ENSMUST00000020129_90_90:ENSMUST00000105283_90_90;0.7859999999999999:0.917:0.5379999999999999:0.615
2;ENST00000347404_90_90;ENSCAFT00000009854_90_90:ENST00000228280_90_90:ENSMUST00000020129_90_90:ENSMUST00000105283_90_90;0.7140000000000001:0.917:0.583:0.5379999999999999
3;ENST00000357116_90_90;ENSMUST00000218200_90_90;1.0
4;ENST00000552044_90_90;;
5;ENSMUST00000020129_90_90;ENSCAFT00000009854_90_90:ENST00000228280_90_90:ENST00000347404_90_90:ENSMUST00000105283_90_90;0.5:0.5379999999999999:0.583:0.889
6;ENSMUST00000105283_90_90;ENSCAFT00000009854_90_90:ENST00000228280_90_90:ENST00000347404_90_90:ENSMUST00000020129_90_90;0.5710000000000001:0.615:0.5379999999999999:0.889
7;ENSMUST00000130190_90_90;;
8;ENSMUST00000218200_90_90;ENST00000357116_90_90;1.0
