;id_transcript;orthoorthologues;tsm_scores
0;ENSCAFT00000018483_90_90;ENSMUST00000051737_90_90:ENST00000274000_90_90;0.9129999999999999:0.968
1;ENST00000274000_90_90;ENSMUST00000051737_90_90:ENSCAFT00000018483_90_90;0.871:0.968
2;ENST00000309703_90_90;ENSMUST00000200409_90_90;0.8590000000000001
3;ENST00000512741_90_90;;
4;ENSMUST00000051737_90_90;ENSCAFT00000018483_90_90:ENST00000274000_90_90;0.9129999999999999:0.871
5;ENSMUST00000196392_90_90;;
6;ENSMUST00000200409_90_90;ENST00000309703_90_90;0.8590000000000001
