;id_transcript;orthoorthologues;tsm_scores
0;ENSCAFT00000014095_90_90;ENSMUST00000200059_90_90:ENST00000456523_90_90;0.873:0.826
1;ENSCAFT00000038532_90_90;ENSMUST00000031280_90_90:ENST00000312465_90_90;0.873:0.8809999999999999
2;ENST00000312465_90_90;ENSMUST00000031280_90_90:ENSCAFT00000038532_90_90;0.823:0.8809999999999999
3;ENST00000456523_90_90;ENSCAFT00000014095_90_90:ENSMUST00000200059_90_90;0.826:0.7959999999999999
4;ENST00000507780_90_90;;
5;ENSMUST00000031280_90_90;ENSCAFT00000038532_90_90:ENST00000312465_90_90;0.873:0.823
6;ENSMUST00000200059_90_90;ENSCAFT00000014095_90_90:ENST00000456523_90_90;0.873:0.7959999999999999
