;id_transcript;orthoorthologues;tsm_scores
0;ENSCAFT00000009475_90_90;ENSMUST00000112001_90_90:ENST00000488423_90_90;0.494:0.8959999999999999
1;ENST00000383775_90_90;ENSMUST00000112000_90_90;0.486
2;ENST00000488423_90_90;ENSCAFT00000009475_90_90:ENSMUST00000112001_90_90;0.8959999999999999:0.5660000000000001
3;ENSMUST00000022461_90_90;ENSMUST00000067955_90_90;1.0
4;ENSMUST00000067955_90_90;ENSMUST00000022461_90_90;1.0
5;ENSMUST00000112000_90_90;ENST00000383775_90_90;0.486
6;ENSMUST00000112001_90_90;ENSCAFT00000009475_90_90:ENST00000488423_90_90;0.494:0.5660000000000001
7;ENSMUST00000124303_90_90;;
