;id_transcript;orthoorthologues;tsm_scores
0;ENSCAFT00000030629_90_90;ENST00000164640_90_90:ENST00000393758_90_90:ENST00000544474_90_90:ENSMUST00000002080_90_90:ENSMUST00000114438_90_90;0.47600000000000003:0.455:0.45:0.65:0.579
1;ENST00000164640_90_90;ENSCAFT00000030629_90_90:ENST00000393758_90_90:ENST00000544474_90_90:ENSMUST00000002080_90_90:ENSMUST00000114438_90_90;0.47600000000000003:0.9329999999999999:0.857:0.5:0.5
2;ENST00000393758_90_90;ENSCAFT00000030629_90_90:ENST00000164640_90_90:ENST00000544474_90_90:ENSMUST00000002080_90_90:ENSMUST00000114438_90_90;0.455:0.9329999999999999:0.8:0.47600000000000003:0.474
3;ENST00000480650_90_90;;
4;ENST00000544474_90_90;ENSCAFT00000030629_90_90:ENST00000164640_90_90:ENST00000393758_90_90:ENSMUST00000002080_90_90:ENSMUST00000114438_90_90;0.45:0.857:0.8:0.474:0.562
5;ENSMUST00000002080_90_90;ENSCAFT00000030629_90_90:ENST00000164640_90_90:ENST00000393758_90_90:ENST00000544474_90_90:ENSMUST00000114438_90_90;0.65:0.5:0.47600000000000003:0.474:0.812
6;ENSMUST00000114438_90_90;ENSCAFT00000030629_90_90:ENST00000164640_90_90:ENST00000393758_90_90:ENST00000544474_90_90:ENSMUST00000002080_90_90;0.579:0.5:0.474:0.562:0.812
