;id_transcript;orthoorthologues;tsm_scores
0;ENSCAFT00000008032_90_90;ENST00000345008_90_90:ENST00000397463_90_90:ENSMUST00000027582_90_90:ENSMUST00000159417_90_90:ENSMUST00000159529_90_90:ENSMUST00000162899_90_90;0.133:0.278:0.273:0.41200000000000003:0.273:0.273
1;ENST00000345008_90_90;ENSCAFT00000008032_90_90:ENST00000397463_90_90:ENSMUST00000027582_90_90:ENSMUST00000159417_90_90:ENSMUST00000159529_90_90:ENSMUST00000162899_90_90;0.133:0.5:0.28600000000000003:0.267:0.28600000000000003:0.28600000000000003
2;ENST00000397463_90_90;ENSCAFT00000008032_90_90:ENST00000345008_90_90:ENSMUST00000027582_90_90:ENSMUST00000159417_90_90:ENSMUST00000159529_90_90:ENSMUST00000162899_90_90;0.278:0.5:0.154:0.316:0.154:0.154
3;ENST00000449209_90_90;;
4;ENSMUST00000027582_90_90;ENSCAFT00000008032_90_90:ENST00000345008_90_90:ENST00000397463_90_90:ENSMUST00000159417_90_90:ENSMUST00000159529_90_90:ENSMUST00000162899_90_90;0.273:0.28600000000000003:0.154:0.231:1.0:1.0
5;ENSMUST00000159417_90_90;ENSCAFT00000008032_90_90:ENST00000345008_90_90:ENST00000397463_90_90:ENSMUST00000027582_90_90:ENSMUST00000159529_90_90:ENSMUST00000162899_90_90;0.41200000000000003:0.267:0.316:0.231:0.231:0.231
6;ENSMUST00000159529_90_90;ENSCAFT00000008032_90_90:ENST00000345008_90_90:ENST00000397463_90_90:ENSMUST00000027582_90_90:ENSMUST00000159417_90_90:ENSMUST00000162899_90_90;0.273:0.28600000000000003:0.154:1.0:0.231:1.0
7;ENSMUST00000161361_90_90;;
8;ENSMUST00000162899_90_90;ENSCAFT00000008032_90_90:ENST00000345008_90_90:ENST00000397463_90_90:ENSMUST00000027582_90_90:ENSMUST00000159417_90_90:ENSMUST00000159529_90_90;0.273:0.28600000000000003:0.154:1.0:0.231:1.0
