;id_transcript;orthoorthologues;tsm_scores
0;ENSCAFT00000005480_90_90;ENSMUST00000029964_90_90:ENST00000369303_90_90;0.9990000000000001:0.998
1;ENST00000369297_90_90;;
2;ENST00000369303_90_90;ENSMUST00000029964_90_90:ENSCAFT00000005480_90_90;0.997:0.998
3;ENSMUST00000029964_90_90;ENST00000369303_90_90:ENSCAFT00000005480_90_90;0.997:0.9990000000000001
4;ENSMUST00000080934_90_90;ENSMUST00000108194_90_90;0.941
5;ENSMUST00000108191_90_90;;
6;ENSMUST00000108194_90_90;ENSMUST00000080934_90_90;0.941
