;id_transcript;orthoorthologues;tsm_scores
0;ENSCAFT00000026995_90_90;ENST00000308893_90_90:ENSMUST00000117394_90_90:ENST00000416441_90_90;0.8:0.636:0.7140000000000001
1;ENSCAFT00000045721_90_90;ENSMUST00000071268_90_90:ENST00000279394_90_90;0.6920000000000001:0.833
2;ENST00000279394_90_90;ENSMUST00000071268_90_90:ENSCAFT00000045721_90_90;0.5710000000000001:0.833
3;ENST00000308893_90_90;ENSCAFT00000026995_90_90:ENSMUST00000117394_90_90:ENST00000416441_90_90;0.8:0.636:0.895
4;ENST00000416441_90_90;ENST00000308893_90_90:ENSCAFT00000026995_90_90:ENSMUST00000117394_90_90;0.895:0.7140000000000001:0.565
5;ENST00000543033_90_90;;
6;ENSMUST00000071268_90_90;ENST00000279394_90_90:ENSCAFT00000045721_90_90;0.5710000000000001:0.6920000000000001
7;ENSMUST00000117394_90_90;ENST00000308893_90_90:ENSCAFT00000026995_90_90:ENST00000416441_90_90;0.636:0.636:0.565
8;ENSMUST00000214525_90_90;;
