;id_transcript;orthoorthologues;tsm_scores
0;ENSCAFT00000035517_90_90;ENST00000356644_90_90:ENST00000436639_90_90:ENSMUST00000099931_90_90;0.18:0.23800000000000002:0.244
1;ENST00000302071_90_90;;
2;ENST00000356644_90_90;ENSCAFT00000035517_90_90:ENST00000436639_90_90:ENSMUST00000099931_90_90;0.18:0.7829999999999999:0.9009999999999999
3;ENST00000436639_90_90;ENSCAFT00000035517_90_90:ENST00000356644_90_90:ENSMUST00000099931_90_90;0.23800000000000002:0.7829999999999999:0.718
4;ENSMUST00000041438_90_90;;
5;ENSMUST00000099931_90_90;ENSCAFT00000035517_90_90:ENST00000356644_90_90:ENST00000436639_90_90;0.244:0.9009999999999999:0.718
