;id_transcript;orthoorthologues;tsm_scores
0;ENSCAFT00000032186_90_90;ENST00000260508_90_90:ENSMUST00000106218_90_90;0.9359999999999999:0.887
1;ENST00000260508_90_90;ENSMUST00000106218_90_90:ENSCAFT00000032186_90_90;0.9359999999999999:0.9359999999999999
2;ENST00000370486_90_90;;
3;ENST00000370491_90_90;ENSMUST00000044392_90_90;1.0
4;ENSMUST00000044392_90_90;ENST00000370491_90_90;1.0
5;ENSMUST00000106218_90_90;ENST00000260508_90_90:ENSCAFT00000032186_90_90;0.9359999999999999:0.887
6;ENSMUST00000129775_90_90;;
7;ENSMUST00000199519_90_90;;
