;id_transcript;orthoorthologues;tsm_scores
0;ENSCAFT00000014095_90_90;ENST00000456523_90_90:ENSMUST00000200059_90_90;0.929:0.809
1;ENSCAFT00000038532_90_90;ENST00000312465_90_90:ENSMUST00000031280_90_90;0.955:0.831
2;ENST00000312465_90_90;ENSCAFT00000038532_90_90:ENSMUST00000031280_90_90;0.955:0.8640000000000001
3;ENST00000456523_90_90;ENSCAFT00000014095_90_90:ENSMUST00000200059_90_90;0.929:0.8590000000000001
4;ENST00000507780_90_90;;
5;ENSMUST00000031280_90_90;ENST00000312465_90_90:ENSCAFT00000038532_90_90;0.8640000000000001:0.831
6;ENSMUST00000200059_90_90;ENSCAFT00000014095_90_90:ENST00000456523_90_90;0.809:0.8590000000000001
