;id_transcript;orthoorthologues;tsm_scores
0;ENSCAFT00000018938_90_90;ENST00000344384_90_90:ENSMUST00000033755_90_90;0.871:0.897
1;ENST00000344384_90_90;ENSCAFT00000018938_90_90:ENSMUST00000033755_90_90;0.871:0.9670000000000001
2;ENST00000380470_90_90;;
3;ENST00000480796_90_90;ENSMUST00000036858_90_90;0.996
4;ENST00000485437_90_90;;
5;ENSMUST00000033755_90_90;ENST00000344384_90_90:ENSCAFT00000018938_90_90;0.9670000000000001:0.897
6;ENSMUST00000036858_90_90;ENST00000480796_90_90;0.996
