;id_transcript;orthoorthologues;tsm_scores
0;ENSBTAT00000005794_98;ENSBTAT00000074022_98:ENSCAFT00000065703_98:ENSCAFT00000067661_98:ENSCAFT00020008376_98:ENST00000416165_98:ENSGALT00000055768_98:ENSMUST00000036578_98;0.937:0.9520000000000001:0.988:0.997:0.99:0.981:0.99
1;ENSBTAT00000074022_98;ENSBTAT00000005794_98:ENSCAFT00000065703_98:ENSCAFT00000067661_98:ENSCAFT00020008376_98:ENST00000416165_98:ENSGALT00000055768_98:ENSMUST00000036578_98;0.937:1.0:0.945:1.0:1.0:0.899:1.0
2;ENSCAFT00000014534_98;ENST00000560846_98;0.996
3;ENSCAFT00000063832_98;;
4;ENSCAFT00000065703_98;ENSBTAT00000005794_98:ENSBTAT00000074022_98:ENSCAFT00000067661_98:ENSCAFT00020008376_98:ENST00000416165_98:ENSGALT00000055768_98:ENSMUST00000036578_98;0.9520000000000001:1.0:0.8809999999999999:1.0:1.0:0.8809999999999999:1.0
5;ENSCAFT00000067661_98;ENSBTAT00000005794_98:ENSBTAT00000074022_98:ENSCAFT00000065703_98:ENSCAFT00020008376_98:ENST00000416165_98:ENSGALT00000055768_98:ENSMUST00000036578_98;0.988:0.945:0.8809999999999999:0.986:0.9520000000000001:0.9229999999999999:0.968
6;ENSCAFT00020008376_98;ENSBTAT00000005794_98:ENSBTAT00000074022_98:ENSCAFT00000065703_98:ENSCAFT00000067661_98:ENST00000416165_98:ENSGALT00000055768_98:ENSMUST00000036578_98;0.997:1.0:1.0:0.986:1.0:0.997:1.0
7;ENST00000416165_98;ENSBTAT00000005794_98:ENSBTAT00000074022_98:ENSCAFT00000065703_98:ENSCAFT00000067661_98:ENSCAFT00020008376_98:ENSGALT00000055768_98:ENSMUST00000036578_98;0.99:1.0:1.0:0.9520000000000001:1.0:0.955:1.0
8;ENST00000560846_98;ENSCAFT00000014534_98;0.996
9;ENST00000561234_98;;
10;ENSGALT00000055768_98;ENSBTAT00000005794_98:ENSBTAT00000074022_98:ENSCAFT00000065703_98:ENSCAFT00000067661_98:ENSCAFT00020008376_98:ENST00000416165_98:ENSMUST00000036578_98;0.981:0.899:0.8809999999999999:0.9229999999999999:0.997:0.955:0.9540000000000001
11;ENSMUST00000036578_98;ENSBTAT00000005794_98:ENSBTAT00000074022_98:ENSCAFT00000065703_98:ENSCAFT00000067661_98:ENSCAFT00020008376_98:ENST00000416165_98:ENSGALT00000055768_98;0.99:1.0:1.0:0.968:1.0:1.0:0.9540000000000001
12;ENSMUST00000151162_98;;
