;id_transcript;orthoorthologues;tsm_scores
0;ENSCAFT00000000260_90_90;ENSMUST00000026469_90_90:ENST00000300131_90_90;0.995:1.0
1;ENST00000300131_90_90;ENSMUST00000026469_90_90:ENSCAFT00000000260_90_90;0.995:1.0
2;ENST00000342556_90_90;ENSMUST00000099157_90_90;0.9940000000000001
3;ENSMUST00000026469_90_90;ENST00000300131_90_90:ENSCAFT00000000260_90_90;0.995:0.995
4;ENSMUST00000099157_90_90;ENST00000342556_90_90;0.9940000000000001
5;ENSMUST00000128780_90_90;ENSMUST00000129252_90_90;0.7020000000000001
6;ENSMUST00000129252_90_90;ENSMUST00000128780_90_90;0.7020000000000001
