;id_transcript;orthoorthologues;tsm_scores
0;ENSCAFT00000037392_90_90;ENST00000372635_90_90:ENST00000372645_90_90:ENSMUST00000053540_90_90:ENSMUST00000113113_90_90:ENSMUST00000178632_90_90;0.895:0.895:0.8240000000000001:0.8240000000000001:0.8240000000000001
1;ENST00000361298_90_90;ENSMUST00000113112_90_90:ENST00000372634_90_90;0.8859999999999999:1.0
2;ENST00000372634_90_90;ENST00000361298_90_90:ENSMUST00000113112_90_90;1.0:0.8859999999999999
3;ENST00000372635_90_90;ENSCAFT00000037392_90_90:ENST00000372645_90_90:ENSMUST00000053540_90_90:ENSMUST00000113113_90_90:ENSMUST00000178632_90_90;0.895:1.0:0.895:0.895:0.895
4;ENST00000372645_90_90;ENSCAFT00000037392_90_90:ENST00000372635_90_90:ENSMUST00000053540_90_90:ENSMUST00000113113_90_90:ENSMUST00000178632_90_90;0.895:1.0:0.895:0.895:0.895
5;ENSMUST00000053540_90_90;ENSCAFT00000037392_90_90:ENST00000372635_90_90:ENST00000372645_90_90:ENSMUST00000113113_90_90:ENSMUST00000178632_90_90;0.8240000000000001:0.895:0.895:1.0:1.0
6;ENSMUST00000113112_90_90;ENST00000361298_90_90:ENST00000372634_90_90;0.8859999999999999:0.8859999999999999
7;ENSMUST00000113113_90_90;ENSCAFT00000037392_90_90:ENST00000372635_90_90:ENST00000372645_90_90:ENSMUST00000053540_90_90:ENSMUST00000178632_90_90;0.8240000000000001:0.895:0.895:1.0:1.0
8;ENSMUST00000178632_90_90;ENSCAFT00000037392_90_90:ENST00000372635_90_90:ENST00000372645_90_90:ENSMUST00000053540_90_90:ENSMUST00000113113_90_90;0.8240000000000001:0.895:0.895:1.0:1.0
