;id_transcript;orthoorthologues;tsm_scores
0;ENSCAFT00000014133_90_90;ENST00000351677_90_90:ENST00000635625_90_90:ENSMUST00000054547_90_90:ENSMUST00000100770_90_90;0.7829999999999999:0.7609999999999999:0.8809999999999999:0.9159999999999999
1;ENST00000351677_90_90;ENSCAFT00000014133_90_90:ENST00000635625_90_90:ENSMUST00000054547_90_90:ENSMUST00000100770_90_90;0.7829999999999999:0.955:0.8170000000000001:0.845
2;ENST00000392597_90_90;;
3;ENST00000530818_90_90;;
4;ENST00000635625_90_90;ENSCAFT00000014133_90_90:ENST00000351677_90_90:ENSMUST00000054547_90_90:ENSMUST00000100770_90_90;0.7609999999999999:0.955:0.855:0.8170000000000001
5;ENST00000635652_90_90;;
6;ENST00000639857_90_90;;
7;ENSMUST00000054547_90_90;ENSCAFT00000014133_90_90:ENST00000351677_90_90:ENST00000635625_90_90:ENSMUST00000100770_90_90;0.8809999999999999:0.8170000000000001:0.855:0.955
8;ENSMUST00000100770_90_90;ENSCAFT00000014133_90_90:ENST00000351677_90_90:ENST00000635625_90_90:ENSMUST00000054547_90_90;0.9159999999999999:0.845:0.8170000000000001:0.955
