;id_transcript;orthoorthologues;tsm_scores
0;ENSCAFT00000043329_90_90;ENST00000277010_90_90:ENST00000477726_90_90:ENSMUST00000059354_90_90:ENSMUST00000071561_90_90;0.742:0.621:1.0:0.861
1;ENST00000277010_90_90;ENSCAFT00000043329_90_90:ENST00000477726_90_90:ENSMUST00000059354_90_90:ENSMUST00000071561_90_90;0.742:0.861:0.742:0.621
2;ENST00000353468_90_90;;
3;ENST00000378892_90_90;;
4;ENST00000477726_90_90;ENSCAFT00000043329_90_90:ENST00000277010_90_90:ENSMUST00000059354_90_90:ENSMUST00000071561_90_90;0.621:0.861:0.621:0.7070000000000001
5;ENSMUST00000059354_90_90;ENSCAFT00000043329_90_90:ENST00000277010_90_90:ENST00000477726_90_90:ENSMUST00000071561_90_90;1.0:0.742:0.621:0.861
6;ENSMUST00000071561_90_90;ENSCAFT00000043329_90_90:ENST00000277010_90_90:ENST00000477726_90_90:ENSMUST00000059354_90_90;0.861:0.621:0.7070000000000001:0.861
