;id_transcript;orthoorthologues;tsm_scores
0;ENSCAFT00000004700_90_90;ENST00000343060_90_90:ENSMUST00000000964_90_90;0.9940000000000001:0.991
1;ENST00000343060_90_90;ENSCAFT00000004700_90_90:ENSMUST00000000964_90_90;0.9940000000000001:0.997
2;ENST00000355633_90_90;ENSMUST00000120363_90_90;0.993
3;ENSMUST00000000964_90_90;ENSCAFT00000004700_90_90:ENST00000343060_90_90;0.991:0.997
4;ENSMUST00000120363_90_90;ENST00000355633_90_90;0.993
