;id_transcript;orthoorthologues;tsm_scores
0;ENSCAFT00000024266_90_90;ENST00000423158_90_90:ENSMUST00000112244_90_90:ENSMUST00000204542_90_90;0.833:0.914:0.914
1;ENST00000331010_90_90;ENSMUST00000050484_90_90;0.8320000000000001
2;ENST00000423158_90_90;ENSCAFT00000024266_90_90:ENSMUST00000112244_90_90:ENSMUST00000204542_90_90;0.833:0.782:0.782
3;ENSMUST00000050484_90_90;ENST00000331010_90_90;0.8320000000000001
4;ENSMUST00000112244_90_90;ENSCAFT00000024266_90_90:ENST00000423158_90_90:ENSMUST00000204542_90_90;0.914:0.782:1.0
5;ENSMUST00000204542_90_90;ENSCAFT00000024266_90_90:ENST00000423158_90_90:ENSMUST00000112244_90_90;0.914:0.782:1.0
