;id_transcript;orthoorthologues;tsm_scores
0;ENSCAFT00000009854_90_90;ENST00000228280_90_90:ENST00000347404_90_90:ENSMUST00000020129_90_90:ENSMUST00000105283_90_90;0.9990000000000001:0.902:0.752:0.848
1;ENST00000228280_90_90;ENSCAFT00000009854_90_90:ENST00000347404_90_90:ENSMUST00000020129_90_90:ENSMUST00000105283_90_90;0.9990000000000001:0.907:0.785:0.885
2;ENST00000347404_90_90;ENSCAFT00000009854_90_90:ENST00000228280_90_90:ENSMUST00000020129_90_90:ENSMUST00000105283_90_90;0.902:0.907:0.873:0.785
3;ENST00000357116_90_90;ENSMUST00000218200_90_90;1.0
4;ENST00000552044_90_90;;
5;ENSMUST00000020129_90_90;ENSCAFT00000009854_90_90:ENST00000228280_90_90:ENST00000347404_90_90:ENSMUST00000105283_90_90;0.752:0.785:0.873:0.893
6;ENSMUST00000105283_90_90;ENSCAFT00000009854_90_90:ENST00000228280_90_90:ENST00000347404_90_90:ENSMUST00000020129_90_90;0.848:0.885:0.785:0.893
7;ENSMUST00000130190_90_90;;
8;ENSMUST00000218200_90_90;ENST00000357116_90_90;1.0
