;id_transcript;orthoorthologues;tsm_scores
0;ENSCAFT00000035517_90_90;ENST00000436639_90_90:ENSMUST00000099931_90_90;0.998:0.998
1;ENST00000302071_90_90;;
2;ENST00000356644_90_90;ENSMUST00000041438_90_90;0.9990000000000001
3;ENST00000436639_90_90;ENSCAFT00000035517_90_90:ENSMUST00000099931_90_90;0.998:1.0
4;ENSMUST00000041438_90_90;ENST00000356644_90_90;0.9990000000000001
5;ENSMUST00000099931_90_90;ENSCAFT00000035517_90_90:ENST00000436639_90_90;0.998:1.0
