;id_transcript;orthoorthologues;tsm_scores
0;ENSCAFT00000005480_90_90;ENST00000369303_90_90:ENSMUST00000029964_90_90:ENSMUST00000108191_90_90;1.0:0.73:0.726
1;ENST00000369297_90_90;ENSMUST00000108194_90_90:ENSMUST00000080934_90_90;0.45:0.462
2;ENST00000369303_90_90;ENSCAFT00000005480_90_90:ENSMUST00000029964_90_90:ENSMUST00000108191_90_90;1.0:0.5760000000000001:0.573
3;ENSMUST00000029964_90_90;ENSCAFT00000005480_90_90:ENST00000369303_90_90:ENSMUST00000108191_90_90;0.73:0.5760000000000001:0.996
4;ENSMUST00000080934_90_90;ENSMUST00000108194_90_90:ENST00000369297_90_90;0.941:0.462
5;ENSMUST00000108191_90_90;ENSCAFT00000005480_90_90:ENST00000369303_90_90:ENSMUST00000029964_90_90;0.726:0.573:0.996
6;ENSMUST00000108194_90_90;ENSMUST00000080934_90_90:ENST00000369297_90_90;0.941:0.45
