;id_transcript;orthoorthologues;tsm_scores
0;ENSCAFT00000001910_90_90;ENST00000374023_90_90:ENST00000374026_90_90:ENSMUST00000075076_90_90;0.83:0.688:0.797
1;ENST00000374021_90_90;;
2;ENST00000374023_90_90;ENSCAFT00000001910_90_90:ENST00000374026_90_90:ENSMUST00000075076_90_90;0.83:0.8540000000000001:0.768
3;ENST00000374026_90_90;ENSCAFT00000001910_90_90:ENST00000374023_90_90:ENSMUST00000075076_90_90;0.688:0.8540000000000001:0.633
4;ENSMUST00000075076_90_90;ENSCAFT00000001910_90_90:ENST00000374023_90_90:ENST00000374026_90_90;0.797:0.768:0.633
5;ENSMUST00000114859_90_90;ENSMUST00000114863_90_90;0.7709999999999999
6;ENSMUST00000114863_90_90;ENSMUST00000114859_90_90;0.7709999999999999
