;id_transcript;orthoorthologues;tsm_scores
0;ENSCAFT00000035517_90_90;ENST00000356644_90_90:ENST00000436639_90_90:ENSMUST00000099931_90_90;0.3:0.34299999999999997:0.4
1;ENST00000302071_90_90;;
2;ENST00000356644_90_90;ENSCAFT00000035517_90_90:ENST00000436639_90_90:ENSMUST00000099931_90_90;0.3:0.47200000000000003:0.705
3;ENST00000436639_90_90;ENSCAFT00000035517_90_90:ENST00000356644_90_90:ENSMUST00000099931_90_90;0.34299999999999997:0.47200000000000003:0.379
4;ENSMUST00000041438_90_90;;
5;ENSMUST00000099931_90_90;ENSCAFT00000035517_90_90:ENST00000356644_90_90:ENST00000436639_90_90;0.4:0.705:0.379
