;id_transcript;orthoorthologues;tsm_scores
0;ENSCAFT00000005083_90_90;ENSMUST00000132017_90_90:ENST00000354504_90_90;1.0:0.899
1;ENSCAFT00000005085_90_90;ENSMUST00000006221_90_90:ENST00000272322_90_90;1.0:0.9440000000000001
2;ENST00000272322_90_90;ENSMUST00000006221_90_90:ENSCAFT00000005085_90_90;0.9540000000000001:0.9440000000000001
3;ENST00000354504_90_90;ENSMUST00000132017_90_90:ENSCAFT00000005083_90_90;0.899:0.899
4;ENST00000409558_90_90;ENSMUST00000109578_90_90;0.9440000000000001
5;ENST00000416400_90_90;;
6;ENSMUST00000006221_90_90;ENSCAFT00000005085_90_90:ENST00000272322_90_90;1.0:0.9540000000000001
7;ENSMUST00000109578_90_90;ENST00000409558_90_90;0.9440000000000001
8;ENSMUST00000132017_90_90;ENST00000354504_90_90:ENSCAFT00000005083_90_90;0.899:1.0
