;id_transcript;orthoorthologues;tsm_scores
0;ENSCAFT00000026430_90_90;ENST00000310418_90_90:ENST00000345807_90_90:ENST00000502877_90_90:ENST00000510734_90_90:ENSMUST00000049575_90_90:ENSMUST00000140142_90_90;1.0:0.9520000000000001:0.762:0.619:1.0:0.769
1;ENST00000310418_90_90;ENSCAFT00000026430_90_90:ENST00000345807_90_90:ENST00000502877_90_90:ENST00000510734_90_90:ENSMUST00000049575_90_90:ENSMUST00000140142_90_90;1.0:0.955:0.773:0.467:0.667:0.7140000000000001
2;ENST00000345807_90_90;ENSCAFT00000026430_90_90:ENST00000310418_90_90:ENST00000502877_90_90:ENST00000510734_90_90:ENSMUST00000049575_90_90:ENSMUST00000140142_90_90;0.9520000000000001:0.955:0.81:0.483:0.667:0.7140000000000001
3;ENST00000502877_90_90;ENSCAFT00000026430_90_90:ENST00000310418_90_90:ENST00000345807_90_90:ENST00000510734_90_90:ENSMUST00000049575_90_90:ENSMUST00000140142_90_90;0.762:0.773:0.81:0.56:0.667:0.7140000000000001
4;ENST00000508425_90_90;;
5;ENST00000510734_90_90;ENSCAFT00000026430_90_90:ENST00000310418_90_90:ENST00000345807_90_90:ENST00000502877_90_90:ENSMUST00000049575_90_90:ENSMUST00000140142_90_90;0.619:0.467:0.483:0.56:1.0:0.47600000000000003
6;ENSMUST00000049575_90_90;ENSCAFT00000026430_90_90:ENST00000310418_90_90:ENST00000345807_90_90:ENST00000502877_90_90:ENST00000510734_90_90:ENSMUST00000140142_90_90;1.0:0.667:0.667:0.667:1.0:0.5
7;ENSMUST00000091609_90_90;;
8;ENSMUST00000140142_90_90;ENSCAFT00000026430_90_90:ENST00000310418_90_90:ENST00000345807_90_90:ENST00000502877_90_90:ENST00000510734_90_90:ENSMUST00000049575_90_90;0.769:0.7140000000000001:0.7140000000000001:0.7140000000000001:0.47600000000000003:0.5
