;id_transcript;orthoorthologues;tsm_scores
0;ENSCAFT00000020479_90_90;ENST00000318247_90_90:ENSMUST00000029795_90_90;0.9620000000000001:0.995
1;ENST00000318247_90_90;ENSMUST00000029795_90_90:ENSCAFT00000020479_90_90;0.958:0.9620000000000001
2;ENST00000356728_90_90;ENSMUST00000197040_90_90;0.987
3;ENST00000638901_90_90;;
4;ENSMUST00000029795_90_90;ENST00000318247_90_90:ENSCAFT00000020479_90_90;0.958:0.995
5;ENSMUST00000197040_90_90;ENST00000356728_90_90;0.987
6;ENSMUST00000200009_90_90;;
