;id_transcript;orthoorthologues;tsm_scores
0;ENSCAFT00000001910_90_90;ENSMUST00000114863_90_90:ENST00000374023_90_90;0.9490000000000001:1.0
1;ENST00000374021_90_90;;
2;ENST00000374023_90_90;ENSCAFT00000001910_90_90:ENSMUST00000114863_90_90;1.0:0.943
3;ENST00000374026_90_90;;
4;ENSMUST00000075076_90_90;;
5;ENSMUST00000114859_90_90;;
6;ENSMUST00000114863_90_90;ENSCAFT00000001910_90_90:ENST00000374023_90_90;0.9490000000000001:0.943
