;id_transcript;orthoorthologues;tsm_scores
0;ENSCAFT00000026430_90_90;ENST00000310418_90_90;0.996
1;ENST00000310418_90_90;ENSCAFT00000026430_90_90;0.996
2;ENST00000345807_90_90;;
3;ENST00000502877_90_90;ENSMUST00000140142_90_90;0.5589999999999999
4;ENST00000508425_90_90;;
5;ENST00000510734_90_90;ENSMUST00000049575_90_90:ENSMUST00000091609_90_90;0.846:0.705
6;ENSMUST00000049575_90_90;ENST00000510734_90_90:ENSMUST00000091609_90_90;0.846:0.907
7;ENSMUST00000091609_90_90;ENST00000510734_90_90:ENSMUST00000049575_90_90;0.705:0.907
8;ENSMUST00000140142_90_90;ENST00000502877_90_90;0.5589999999999999
