;id_transcript;orthoorthologues;tsm_scores
0;ENSCAFT00000027549_90_90;ENST00000368575_90_90:ENSMUST00000065418_90_90;0.993:0.995
1;ENST00000368575_90_90;ENSCAFT00000027549_90_90:ENSMUST00000065418_90_90;0.993:0.9890000000000001
2;ENST00000614713_90_90;ENSMUST00000107373_90_90;0.976
3;ENSMUST00000065418_90_90;ENSCAFT00000027549_90_90:ENST00000368575_90_90;0.995:0.9890000000000001
4;ENSMUST00000107373_90_90;ENST00000614713_90_90;0.976
