;id_transcript;orthoorthologues;tsm_scores
0;ENSCAFT00000018938_90_90;ENST00000344384_90_90:ENSMUST00000033755_90_90;0.833:0.917
1;ENST00000344384_90_90;ENSCAFT00000018938_90_90:ENSMUST00000033755_90_90;0.833:0.9229999999999999
2;ENST00000380470_90_90;ENST00000480796_90_90:ENST00000485437_90_90:ENSMUST00000036858_90_90;0.889:0.636:0.778
3;ENST00000480796_90_90;ENST00000380470_90_90:ENST00000485437_90_90:ENSMUST00000036858_90_90;0.889:0.727:0.889
4;ENST00000485437_90_90;ENST00000380470_90_90:ENST00000480796_90_90:ENSMUST00000036858_90_90;0.636:0.727:0.889
5;ENSMUST00000033755_90_90;ENST00000344384_90_90:ENSCAFT00000018938_90_90;0.9229999999999999:0.917
6;ENSMUST00000036858_90_90;ENST00000380470_90_90:ENST00000480796_90_90:ENST00000485437_90_90;0.778:0.889:0.889
