;id_transcript;orthoorthologues;tsm_scores
0;ENSCAFT00000031630_90_90;ENST00000339463_90_90:ENST00000372122_90_90:ENSMUST00000028156_90_90;0.895:0.895:0.895
1;ENST00000339463_90_90;ENSCAFT00000031630_90_90:ENST00000372122_90_90:ENSMUST00000028156_90_90;0.895:1.0:1.0
2;ENST00000372122_90_90;ENSCAFT00000031630_90_90:ENST00000339463_90_90:ENSMUST00000028156_90_90;0.895:1.0:1.0
3;ENST00000372123_90_90;;
4;ENST00000636137_90_90;ENSMUST00000164290_90_90:ENST00000636263_90_90;0.922:0.9229999999999999
5;ENST00000636263_90_90;ENSMUST00000164290_90_90:ENST00000636137_90_90;0.861:0.9229999999999999
6;ENSMUST00000028156_90_90;ENSCAFT00000031630_90_90:ENST00000339463_90_90:ENST00000372122_90_90;0.895:1.0:1.0
7;ENSMUST00000164290_90_90;ENST00000636263_90_90:ENST00000636137_90_90;0.861:0.922
