;id_transcript;orthoorthologues;tsm_scores
0;ENSCAFT00000004081_90_90;ENST00000357250_90_90:ENSMUST00000054588_90_90;0.9:0.9
1;ENST00000320755_90_90;ENSMUST00000088349_90_90;0.995
2;ENST00000357250_90_90;ENSCAFT00000004081_90_90:ENSMUST00000054588_90_90;0.9:0.9990000000000001
3;ENST00000370496_90_90;;
4;ENSMUST00000054588_90_90;ENSCAFT00000004081_90_90:ENST00000357250_90_90;0.9:0.9990000000000001
5;ENSMUST00000088349_90_90;ENST00000320755_90_90;0.995
