;id_transcript;orthoorthologues;tsm_scores
0;ENSCAFT00000031630_90_90;ENST00000339463_90_90:ENST00000372122_90_90:ENST00000636137_90_90:ENST00000636263_90_90:ENSMUST00000028156_90_90:ENSMUST00000164290_90_90;1.0:1.0:1.0:1.0:1.0:1.0
1;ENST00000339463_90_90;ENSCAFT00000031630_90_90:ENST00000372122_90_90:ENST00000636137_90_90:ENST00000636263_90_90:ENSMUST00000028156_90_90:ENSMUST00000164290_90_90;1.0:1.0:0.7140000000000001:0.625:1.0:0.7140000000000001
2;ENST00000372122_90_90;ENSCAFT00000031630_90_90:ENST00000339463_90_90:ENST00000636137_90_90:ENST00000636263_90_90:ENSMUST00000028156_90_90:ENSMUST00000164290_90_90;1.0:1.0:0.7140000000000001:0.625:1.0:0.7140000000000001
3;ENST00000372123_90_90;;
4;ENST00000636137_90_90;ENSCAFT00000031630_90_90:ENST00000339463_90_90:ENST00000372122_90_90:ENST00000636263_90_90:ENSMUST00000028156_90_90:ENSMUST00000164290_90_90;1.0:0.7140000000000001:0.7140000000000001:0.875:0.7140000000000001:1.0
5;ENST00000636263_90_90;ENSCAFT00000031630_90_90:ENST00000339463_90_90:ENST00000372122_90_90:ENST00000636137_90_90:ENSMUST00000028156_90_90:ENSMUST00000164290_90_90;1.0:0.625:0.625:0.875:0.7140000000000001:1.0
6;ENSMUST00000028156_90_90;ENSCAFT00000031630_90_90:ENST00000339463_90_90:ENST00000372122_90_90:ENST00000636137_90_90:ENST00000636263_90_90:ENSMUST00000164290_90_90;1.0:1.0:1.0:0.7140000000000001:0.7140000000000001:0.625
7;ENSMUST00000164290_90_90;ENSCAFT00000031630_90_90:ENST00000339463_90_90:ENST00000372122_90_90:ENST00000636137_90_90:ENST00000636263_90_90:ENSMUST00000028156_90_90;1.0:0.7140000000000001:0.7140000000000001:1.0:1.0:0.625
