;id_transcript;orthoorthologues;tsm_scores
0;ENSCAFT00000014796_90_90;ENST00000330622_90_90:ENST00000622495_90_90:ENSMUST00000035579_90_90:ENSMUST00000202447_90_90;0.997:0.997:0.998:0.998
1;ENST00000330622_90_90;ENSCAFT00000014796_90_90:ENST00000622495_90_90:ENSMUST00000035579_90_90:ENSMUST00000202447_90_90;0.997:0.9890000000000001:0.988:0.9990000000000001
2;ENST00000427718_90_90;;
3;ENST00000548840_90_90;;
4;ENST00000550180_90_90;ENSMUST00000201611_90_90;0.9990000000000001
5;ENST00000622495_90_90;ENSCAFT00000014796_90_90:ENST00000330622_90_90:ENSMUST00000035579_90_90:ENSMUST00000202447_90_90;0.997:0.9890000000000001:0.9990000000000001:0.988
6;ENSMUST00000035579_90_90;ENSCAFT00000014796_90_90:ENST00000330622_90_90:ENST00000622495_90_90:ENSMUST00000202447_90_90;0.998:0.988:0.9990000000000001:0.9890000000000001
7;ENSMUST00000201611_90_90;ENST00000550180_90_90;0.9990000000000001
8;ENSMUST00000202447_90_90;ENSCAFT00000014796_90_90:ENST00000330622_90_90:ENST00000622495_90_90:ENSMUST00000035579_90_90;0.998:0.9990000000000001:0.988:0.9890000000000001
