;id_transcript;orthoorthologues;tsm_scores
0;ENSCAFT00000022316_90_90;ENST00000392456_90_90:ENSMUST00000039443_90_90;0.897:0.488
1;ENSCAFT00000022321_90_90;ENST00000392455_90_90:ENSMUST00000143823_90_90;0.9:0.444
2;ENST00000392455_90_90;ENSCAFT00000022321_90_90:ENSMUST00000143823_90_90;0.9:0.457
3;ENST00000392456_90_90;ENSCAFT00000022316_90_90:ENSMUST00000039443_90_90;0.897:0.512
4;ENSMUST00000039443_90_90;ENSCAFT00000022316_90_90:ENST00000392456_90_90;0.488:0.512
5;ENSMUST00000096127_90_90;ENSMUST00000100026_90_90;0.9620000000000001
6;ENSMUST00000100026_90_90;ENSMUST00000096127_90_90;0.9620000000000001
7;ENSMUST00000143823_90_90;ENST00000392455_90_90:ENSCAFT00000022321_90_90;0.457:0.444
