;id_transcript;orthoorthologues;tsm_scores
0;ENSCAFT00000018483_90_90;ENST00000274000_90_90:ENST00000309703_90_90:ENSMUST00000051737_90_90:ENSMUST00000200409_90_90;0.9390000000000001:0.855:0.8059999999999999:0.72
1;ENST00000274000_90_90;ENSCAFT00000018483_90_90:ENST00000309703_90_90:ENSMUST00000051737_90_90:ENSMUST00000200409_90_90;0.9390000000000001:0.914:0.7559999999999999:0.672
2;ENST00000309703_90_90;ENSCAFT00000018483_90_90:ENST00000274000_90_90:ENSMUST00000051737_90_90:ENSMUST00000200409_90_90;0.855:0.914:0.672:0.74
3;ENST00000512741_90_90;;
4;ENSMUST00000051737_90_90;ENSCAFT00000018483_90_90:ENST00000274000_90_90:ENST00000309703_90_90:ENSMUST00000200409_90_90;0.8059999999999999:0.7559999999999999:0.672:0.895
5;ENSMUST00000196392_90_90;;
6;ENSMUST00000200409_90_90;ENSCAFT00000018483_90_90:ENST00000274000_90_90:ENST00000309703_90_90:ENSMUST00000051737_90_90;0.72:0.672:0.74:0.895
