;id_transcript;orthoorthologues;tsm_scores
0;ENSCAFT00000035517_90_90;ENST00000356644_90_90:ENST00000436639_90_90:ENSMUST00000099931_90_90;0.235:0.28300000000000003:0.314
1;ENST00000302071_90_90;;
2;ENST00000356644_90_90;ENSCAFT00000035517_90_90:ENST00000436639_90_90:ENSMUST00000099931_90_90;0.235:0.627:0.799
3;ENST00000436639_90_90;ENSCAFT00000035517_90_90:ENST00000356644_90_90:ENSMUST00000099931_90_90;0.28300000000000003:0.627:0.545
4;ENSMUST00000041438_90_90;;
5;ENSMUST00000099931_90_90;ENSCAFT00000035517_90_90:ENST00000356644_90_90:ENST00000436639_90_90;0.314:0.799:0.545
