;id_transcript;orthoorthologues;tsm_scores
0;ENSCAFT00000031630_90_90;ENST00000339463_90_90:ENST00000372122_90_90:ENSMUST00000028156_90_90;0.991:0.991:0.991
1;ENST00000339463_90_90;ENSCAFT00000031630_90_90:ENST00000372122_90_90:ENSMUST00000028156_90_90;0.991:1.0:1.0
2;ENST00000372122_90_90;ENSCAFT00000031630_90_90:ENST00000339463_90_90:ENSMUST00000028156_90_90;0.991:1.0:1.0
3;ENST00000372123_90_90;;
4;ENST00000636137_90_90;ENSMUST00000164290_90_90:ENST00000636263_90_90;0.97:0.972
5;ENST00000636263_90_90;ENST00000636137_90_90:ENSMUST00000164290_90_90;0.972:0.9440000000000001
6;ENSMUST00000028156_90_90;ENSCAFT00000031630_90_90:ENST00000339463_90_90:ENST00000372122_90_90;0.991:1.0:1.0
7;ENSMUST00000164290_90_90;ENST00000636137_90_90:ENST00000636263_90_90;0.97:0.9440000000000001
