;id_transcript;orthoorthologues;tsm_scores
0;ENSCAFT00000030629_90_90;ENST00000544474_90_90:ENSMUST00000002080_90_90:ENSMUST00000114438_90_90;0.623:0.8109999999999999:0.708
1;ENST00000164640_90_90;ENST00000393758_90_90;0.963
2;ENST00000393758_90_90;ENST00000164640_90_90;0.963
3;ENST00000480650_90_90;;
4;ENST00000544474_90_90;ENSCAFT00000030629_90_90:ENSMUST00000002080_90_90:ENSMUST00000114438_90_90;0.623:0.637:0.75
5;ENSMUST00000002080_90_90;ENSCAFT00000030629_90_90:ENST00000544474_90_90:ENSMUST00000114438_90_90;0.8109999999999999:0.637:0.8320000000000001
6;ENSMUST00000114438_90_90;ENSCAFT00000030629_90_90:ENST00000544474_90_90:ENSMUST00000002080_90_90;0.708:0.75:0.8320000000000001
