;id_transcript;orthoorthologues;tsm_scores
0;ENSCAFT00000001910_90_90;ENSMUST00000075076_90_90:ENST00000374023_90_90;0.9790000000000001:0.998
1;ENST00000374021_90_90;;
2;ENST00000374023_90_90;ENSMUST00000075076_90_90:ENSCAFT00000001910_90_90;0.9790000000000001:0.998
3;ENST00000374026_90_90;;
4;ENSMUST00000075076_90_90;ENST00000374023_90_90:ENSCAFT00000001910_90_90;0.9790000000000001:0.9790000000000001
5;ENSMUST00000114859_90_90;;
6;ENSMUST00000114863_90_90;;
