;id_transcript;orthoorthologues;tsm_scores
0;ENSCAFT00000027549_90_90;ENST00000368575_90_90:ENST00000614713_90_90:ENSMUST00000065418_90_90:ENSMUST00000107373_90_90;0.34299999999999997:0.28800000000000003:0.353:0.12300000000000001
1;ENST00000368575_90_90;ENSCAFT00000027549_90_90:ENST00000614713_90_90:ENSMUST00000065418_90_90:ENSMUST00000107373_90_90;0.34299999999999997:0.434:0.366:0.235
2;ENST00000614713_90_90;ENSCAFT00000027549_90_90:ENST00000368575_90_90:ENSMUST00000065418_90_90:ENSMUST00000107373_90_90;0.28800000000000003:0.434:0.06:0.0
3;ENSMUST00000065418_90_90;ENSCAFT00000027549_90_90:ENST00000368575_90_90:ENST00000614713_90_90:ENSMUST00000107373_90_90;0.353:0.366:0.06:0.639
4;ENSMUST00000107373_90_90;ENSCAFT00000027549_90_90:ENST00000368575_90_90:ENST00000614713_90_90:ENSMUST00000065418_90_90;0.12300000000000001:0.235:0.0:0.639
