;id_transcript;orthoorthologues;tsm_scores
0;ENSCAFT00000026995_90_90;ENSMUST00000117394_90_90:ENST00000308893_90_90;0.8109999999999999:0.899
1;ENSCAFT00000045721_90_90;ENST00000279394_90_90:ENSMUST00000071268_90_90;0.9159999999999999:0.841
2;ENST00000279394_90_90;ENSCAFT00000045721_90_90:ENSMUST00000071268_90_90;0.9159999999999999:0.78
3;ENST00000308893_90_90;ENSMUST00000117394_90_90:ENSCAFT00000026995_90_90;0.8109999999999999:0.899
4;ENST00000416441_90_90;;
5;ENST00000543033_90_90;;
6;ENSMUST00000071268_90_90;ENSCAFT00000045721_90_90:ENST00000279394_90_90;0.841:0.78
7;ENSMUST00000117394_90_90;ENSCAFT00000026995_90_90:ENST00000308893_90_90;0.8109999999999999:0.8109999999999999
8;ENSMUST00000214525_90_90;;
