;id_transcript;orthoorthologues;tsm_scores
0;ENSCAFT00000030629_90_90;ENST00000164640_90_90:ENST00000393758_90_90:ENSMUST00000002080_90_90;0.81:0.807:1.0
1;ENST00000164640_90_90;ENSCAFT00000030629_90_90:ENST00000393758_90_90:ENSMUST00000002080_90_90;0.81:0.963:0.8109999999999999
2;ENST00000393758_90_90;ENSCAFT00000030629_90_90:ENST00000164640_90_90:ENSMUST00000002080_90_90;0.807:0.963:0.8079999999999999
3;ENST00000480650_90_90;;
4;ENST00000544474_90_90;ENSMUST00000114438_90_90;0.88
5;ENSMUST00000002080_90_90;ENSCAFT00000030629_90_90:ENST00000164640_90_90:ENST00000393758_90_90;1.0:0.8109999999999999:0.8079999999999999
6;ENSMUST00000114438_90_90;ENST00000544474_90_90;0.88
