;id_transcript;orthoorthologues;tsm_scores
0;ENSCAFT00000043329_90_90;ENSMUST00000059354_90_90:ENST00000277010_90_90;1.0:0.9940000000000001
1;ENST00000277010_90_90;ENSMUST00000059354_90_90:ENSCAFT00000043329_90_90;0.9940000000000001:0.9940000000000001
2;ENST00000353468_90_90;;
3;ENST00000378892_90_90;;
4;ENST00000477726_90_90;ENSMUST00000071561_90_90;0.993
5;ENSMUST00000059354_90_90;ENSCAFT00000043329_90_90:ENST00000277010_90_90;1.0:0.9940000000000001
6;ENSMUST00000071561_90_90;ENST00000477726_90_90;0.993
