;id_transcript;orthoorthologues;tsm_scores
0;ENSCAFT00000030629_90_90;ENST00000164640_90_90:ENST00000393758_90_90:ENSMUST00000002080_90_90;0.833:0.833:1.0
1;ENST00000164640_90_90;ENSCAFT00000030629_90_90:ENST00000393758_90_90:ENSMUST00000002080_90_90;0.833:0.9329999999999999:0.833
2;ENST00000393758_90_90;ENSCAFT00000030629_90_90:ENST00000164640_90_90:ENSMUST00000002080_90_90;0.833:0.9329999999999999:0.833
3;ENST00000480650_90_90;;
4;ENST00000544474_90_90;ENSMUST00000114438_90_90;0.818
5;ENSMUST00000002080_90_90;ENSCAFT00000030629_90_90:ENST00000164640_90_90:ENST00000393758_90_90;1.0:0.833:0.833
6;ENSMUST00000114438_90_90;ENST00000544474_90_90;0.818
