;id_transcript;orthoorthologues;tsm_scores
0;ENSCAFT00000016744_90_90;ENSCAFT00000045427_90_90:ENST00000335753_90_90:ENST00000369755_90_90:ENSMUST00000026043_90_90:ENSMUST00000051691_90_90;0.955:0.818:0.8640000000000001:0.652:0.696
1;ENSCAFT00000045427_90_90;ENSCAFT00000016744_90_90:ENST00000335753_90_90:ENST00000369755_90_90:ENSMUST00000026043_90_90:ENSMUST00000051691_90_90;0.955:0.857:0.818:0.682:0.652
2;ENST00000335753_90_90;ENSCAFT00000016744_90_90:ENSCAFT00000045427_90_90:ENST00000369755_90_90:ENSMUST00000026043_90_90:ENSMUST00000051691_90_90;0.818:0.857:0.9470000000000001:0.545:0.522
3;ENST00000369755_90_90;ENSCAFT00000016744_90_90:ENSCAFT00000045427_90_90:ENST00000335753_90_90:ENSMUST00000026043_90_90:ENSMUST00000051691_90_90;0.8640000000000001:0.818:0.9470000000000001:0.522:0.565
4;ENSMUST00000026043_90_90;ENSCAFT00000016744_90_90:ENSCAFT00000045427_90_90:ENST00000335753_90_90:ENST00000369755_90_90:ENSMUST00000051691_90_90;0.652:0.682:0.545:0.522:0.941
5;ENSMUST00000051691_90_90;ENSCAFT00000016744_90_90:ENSCAFT00000045427_90_90:ENST00000335753_90_90:ENST00000369755_90_90:ENSMUST00000026043_90_90;0.696:0.652:0.522:0.565:0.941
