;id_transcript;orthoorthologues;tsm_scores
0;ENSCAFT00000014095_90_90;ENSMUST00000200059_90_90:ENST00000456523_90_90;0.667:0.875
1;ENSCAFT00000038532_90_90;ENSMUST00000031280_90_90:ENST00000312465_90_90;0.6920000000000001:0.917
2;ENST00000312465_90_90;ENSMUST00000031280_90_90:ENSCAFT00000038532_90_90;0.75:0.917
3;ENST00000456523_90_90;ENSCAFT00000014095_90_90:ENSMUST00000200059_90_90;0.875:0.75
4;ENST00000507780_90_90;;
5;ENSMUST00000031280_90_90;ENSCAFT00000038532_90_90:ENST00000312465_90_90;0.6920000000000001:0.75
6;ENSMUST00000200059_90_90;ENSCAFT00000014095_90_90:ENST00000456523_90_90;0.667:0.75
