;id_transcript;orthoorthologues;tsm_scores
0;ENSCAFT00000002677_90_90;ENSMUST00000102798_90_90:ENSMUST00000071168_90_90:ENST00000380036_90_90;1.0:1.0:0.9990000000000001
1;ENST00000380036_90_90;ENSMUST00000102798_90_90:ENSCAFT00000002677_90_90:ENSMUST00000071168_90_90;0.9990000000000001:0.9990000000000001:0.9990000000000001
2;ENST00000406359_90_90;;
3;ENST00000519080_90_90;ENST00000615002_90_90;0.49200000000000005
4;ENST00000519097_90_90;;
5;ENST00000615002_90_90;ENST00000519080_90_90;0.49200000000000005
6;ENSMUST00000071168_90_90;ENSMUST00000102798_90_90:ENSCAFT00000002677_90_90:ENST00000380036_90_90;0.9990000000000001:1.0:0.9990000000000001
7;ENSMUST00000073939_90_90;;
8;ENSMUST00000102798_90_90;ENSCAFT00000002677_90_90:ENSMUST00000071168_90_90:ENST00000380036_90_90;1.0:0.9990000000000001:0.9990000000000001
