;id_transcript;orthoorthologues;tsm_scores
0;ENSCAFT00000011750_90_90;;
1;ENSCAFT00000043735_90_90;ENST00000522677_90_90:ENSMUST00000088658_90_90;0.895:0.9440000000000001
2;ENST00000517885_90_90;;
3;ENST00000522677_90_90;ENSCAFT00000043735_90_90:ENSMUST00000088658_90_90;0.895:0.9470000000000001
4;ENST00000524176_90_90;ENSMUST00000115468_90_90;0.929
5;ENSMUST00000088658_90_90;ENSCAFT00000043735_90_90:ENST00000522677_90_90;0.9440000000000001:0.9470000000000001
6;ENSMUST00000115468_90_90;ENST00000524176_90_90;0.929
7;ENSMUST00000188212_90_90;;
