;id_transcript;orthoorthologues;tsm_scores
0;ENSCAFT00000009854_90_90;ENSMUST00000105283_90_90:ENST00000228280_90_90;0.953:0.872
1;ENST00000228280_90_90;ENSCAFT00000009854_90_90:ENSMUST00000105283_90_90;0.872:0.9079999999999999
2;ENST00000347404_90_90;ENSMUST00000020129_90_90;0.899
3;ENST00000357116_90_90;ENSMUST00000218200_90_90;1.0
4;ENST00000552044_90_90;;
5;ENSMUST00000020129_90_90;ENST00000347404_90_90;0.899
6;ENSMUST00000105283_90_90;ENSCAFT00000009854_90_90:ENST00000228280_90_90;0.953:0.9079999999999999
7;ENSMUST00000130190_90_90;;
8;ENSMUST00000218200_90_90;ENST00000357116_90_90;1.0
