;id_transcript;orthoorthologues;tsm_scores
0;ENSCAFT00000024268_90_90;ENST00000313478_90_90:ENST00000560955_90_90:ENSMUST00000028843_90_90:ENSMUST00000103224_90_90;0.879:0.873:0.831:0.8370000000000001
1;ENST00000313478_90_90;ENSCAFT00000024268_90_90:ENST00000560955_90_90:ENSMUST00000028843_90_90:ENSMUST00000103224_90_90;0.879:0.9540000000000001:0.7959999999999999:0.8370000000000001
2;ENST00000560638_90_90;;
3;ENST00000560955_90_90;ENSCAFT00000024268_90_90:ENST00000313478_90_90:ENSMUST00000028843_90_90:ENSMUST00000103224_90_90;0.873:0.9540000000000001:0.823:0.7959999999999999
4;ENST00000561267_90_90;ENSMUST00000136964_90_90;0.504
5;ENSMUST00000028843_90_90;ENSCAFT00000024268_90_90:ENST00000313478_90_90:ENST00000560955_90_90:ENSMUST00000103224_90_90;0.831:0.7959999999999999:0.823:0.95
6;ENSMUST00000103224_90_90;ENSCAFT00000024268_90_90:ENST00000313478_90_90:ENST00000560955_90_90:ENSMUST00000028843_90_90;0.8370000000000001:0.8370000000000001:0.7959999999999999:0.95
7;ENSMUST00000136964_90_90;ENST00000561267_90_90;0.504
