;id_transcript;orthoorthologues;tsm_scores
0;ENSCAFT00000007841_90_90;ENST00000277575_90_90:ENST00000609104_90_90:ENSMUST00000114937_90_90;0.785:0.8170000000000001:0.769
1;ENST00000277575_90_90;ENSCAFT00000007841_90_90:ENST00000609104_90_90:ENSMUST00000114937_90_90;0.785:0.8690000000000001:0.74
2;ENST00000379237_90_90;ENSMUST00000042503_90_90;0.807
3;ENST00000609104_90_90;ENSCAFT00000007841_90_90:ENST00000277575_90_90:ENSMUST00000114937_90_90;0.8170000000000001:0.8690000000000001:0.847
4;ENST00000609853_90_90;;
5;ENSMUST00000042503_90_90;ENST00000379237_90_90;0.807
6;ENSMUST00000114937_90_90;ENSCAFT00000007841_90_90:ENST00000277575_90_90:ENST00000609104_90_90;0.769:0.74:0.847
