;id_transcript;orthoorthologues;tsm_scores
0;ENSCAFT00000031572_90_90;ENSMUST00000090553_90_90:ENST00000234677_90_90;0.9059999999999999:0.9540000000000001
1;ENST00000234677_90_90;ENSCAFT00000031572_90_90:ENSMUST00000090553_90_90;0.9540000000000001:0.953
2;ENST00000369923_90_90;ENSMUST00000102625_90_90;0.925
3;ENSMUST00000090553_90_90;ENSCAFT00000031572_90_90:ENST00000234677_90_90;0.9059999999999999:0.953
4;ENSMUST00000102625_90_90;ENST00000369923_90_90;0.925
5;ENSMUST00000132467_90_90;;
6;ENSMUST00000153499_90_90;;
