;id_transcript;orthoorthologues;tsm_scores
0;ENSCAFT00000035517_90_90;ENST00000356644_90_90:ENST00000436639_90_90:ENSMUST00000099931_90_90;0.17:0.222:0.228
1;ENST00000302071_90_90;;
2;ENST00000356644_90_90;ENSCAFT00000035517_90_90:ENST00000436639_90_90:ENSMUST00000099931_90_90;0.17:0.7829999999999999:0.893
3;ENST00000436639_90_90;ENSCAFT00000035517_90_90:ENST00000356644_90_90:ENSMUST00000099931_90_90;0.222:0.7829999999999999:0.711
4;ENSMUST00000041438_90_90;;
5;ENSMUST00000099931_90_90;ENSCAFT00000035517_90_90:ENST00000356644_90_90:ENST00000436639_90_90;0.228:0.893:0.711
