;id_transcript;orthoorthologues;tsm_scores
0;ENSCAFT00000049635_90_90;ENST00000373042_90_90:ENSMUST00000106190_90_90;0.8909999999999999:0.93
1;ENST00000373042_90_90;ENSMUST00000106190_90_90:ENSCAFT00000049635_90_90;0.909:0.8909999999999999
2;ENST00000373043_90_90;ENSMUST00000137769_90_90:ENSMUST00000163946_90_90:ENST00000468084_90_90;1.0:1.0:1.0
3;ENST00000468084_90_90;ENST00000373043_90_90:ENSMUST00000137769_90_90:ENSMUST00000163946_90_90;1.0:1.0:1.0
4;ENSMUST00000106190_90_90;ENST00000373042_90_90:ENSCAFT00000049635_90_90;0.909:0.93
5;ENSMUST00000125776_90_90;;
6;ENSMUST00000137769_90_90;ENST00000373043_90_90:ENSMUST00000163946_90_90:ENST00000468084_90_90;1.0:1.0:1.0
7;ENSMUST00000163946_90_90;ENST00000373043_90_90:ENSMUST00000137769_90_90:ENST00000468084_90_90;1.0:1.0:1.0
8;ENSMUST00000185036_90_90;;
