;id_transcript;orthoorthologues;tsm_scores
0;ENSCAFT00000014796_90_90;ENSMUST00000202447_90_90:ENST00000330622_90_90;0.9109999999999999:0.878
1;ENST00000330622_90_90;ENSMUST00000202447_90_90:ENSCAFT00000014796_90_90;0.961:0.878
2;ENST00000427718_90_90;;
3;ENST00000548840_90_90;;
4;ENST00000550180_90_90;ENSMUST00000201611_90_90;0.9359999999999999
5;ENST00000622495_90_90;ENSMUST00000035579_90_90;0.9540000000000001
6;ENSMUST00000035579_90_90;ENST00000622495_90_90;0.9540000000000001
7;ENSMUST00000201611_90_90;ENST00000550180_90_90;0.9359999999999999
8;ENSMUST00000202447_90_90;ENST00000330622_90_90:ENSCAFT00000014796_90_90;0.961:0.9109999999999999
