;id_transcript;orthoorthologues;tsm_scores
0;ENSCAFT00000020871_90_90;;
1;ENSCAFT00000046642_90_90;ENST00000307546_90_90:ENSMUST00000121198_90_90;0.821:0.5670000000000001
2;ENST00000307546_90_90;ENSCAFT00000046642_90_90:ENSMUST00000121198_90_90;0.821:0.63
3;ENST00000369611_90_90;ENSMUST00000122303_90_90:ENSMUST00000064371_90_90:ENST00000369615_90_90;0.727:0.727:1.0
4;ENST00000369615_90_90;ENSMUST00000122303_90_90:ENST00000369611_90_90:ENSMUST00000064371_90_90;0.727:1.0:0.727
5;ENST00000369617_90_90;;
6;ENSMUST00000064371_90_90;ENSMUST00000122303_90_90:ENST00000369611_90_90:ENST00000369615_90_90;1.0:0.727:0.727
7;ENSMUST00000121198_90_90;ENST00000307546_90_90:ENSCAFT00000046642_90_90;0.63:0.5670000000000001
8;ENSMUST00000122303_90_90;ENST00000369611_90_90:ENSMUST00000064371_90_90:ENST00000369615_90_90;0.727:1.0:0.727
