;id_transcript;orthoorthologues;tsm_scores
0;ENSCAFT00000022316_90_90;ENST00000392456_90_90:ENSMUST00000039443_90_90;0.9390000000000001:0.385
1;ENSCAFT00000022321_90_90;ENST00000392455_90_90:ENSMUST00000143823_90_90;0.927:0.38799999999999996
2;ENST00000392455_90_90;ENSCAFT00000022321_90_90:ENSMUST00000143823_90_90;0.927:0.39399999999999996
3;ENST00000392456_90_90;ENSCAFT00000022316_90_90:ENSMUST00000039443_90_90;0.9390000000000001:0.397
4;ENSMUST00000039443_90_90;ENSCAFT00000022316_90_90:ENST00000392456_90_90;0.385:0.397
5;ENSMUST00000096127_90_90;ENSMUST00000100026_90_90;0.956
6;ENSMUST00000100026_90_90;ENSMUST00000096127_90_90;0.956
7;ENSMUST00000143823_90_90;ENST00000392455_90_90:ENSCAFT00000022321_90_90;0.39399999999999996:0.38799999999999996
