;id_transcript;orthoorthologues;tsm_scores
0;ENSCAFT00000023797_90_90;ENSMUST00000027878_90_90:ENST00000239461_90_90;1.0:1.0
1;ENSCAFT00000049641_90_90;ENST00000367760_90_90:ENST00000497230_90_90:ENSMUST00000075805_90_90:ENSMUST00000174397_90_90;0.667:0.667:0.667:0.667
2;ENST00000239461_90_90;ENSMUST00000027878_90_90:ENSCAFT00000023797_90_90;1.0:1.0
3;ENST00000367760_90_90;ENSCAFT00000049641_90_90:ENST00000497230_90_90:ENSMUST00000075805_90_90:ENSMUST00000174397_90_90;0.667:0.25:1.0:0.33299999999999996
4;ENST00000497230_90_90;ENSCAFT00000049641_90_90:ENST00000367760_90_90:ENSMUST00000075805_90_90:ENSMUST00000174397_90_90;0.667:0.25:0.33299999999999996:1.0
5;ENSMUST00000027878_90_90;ENST00000239461_90_90:ENSCAFT00000023797_90_90;1.0:1.0
6;ENSMUST00000075805_90_90;ENSCAFT00000049641_90_90:ENST00000367760_90_90:ENST00000497230_90_90:ENSMUST00000174397_90_90;0.667:1.0:0.33299999999999996:0.25
7;ENSMUST00000174397_90_90;ENSCAFT00000049641_90_90:ENST00000367760_90_90:ENST00000497230_90_90:ENSMUST00000075805_90_90;0.667:0.33299999999999996:1.0:0.25
