;id_transcript;orthoorthologues;tsm_scores
0;ENSCAFT00000004081_90_90;ENST00000357250_90_90:ENST00000370496_90_90:ENSMUST00000054588_90_90;0.429:0.455:0.462
1;ENST00000320755_90_90;ENSMUST00000088349_90_90;0.6920000000000001
2;ENST00000357250_90_90;ENSCAFT00000004081_90_90:ENST00000370496_90_90:ENSMUST00000054588_90_90;0.429:0.5379999999999999:0.769
3;ENST00000370496_90_90;ENSCAFT00000004081_90_90:ENST00000357250_90_90:ENSMUST00000054588_90_90;0.455:0.5379999999999999:0.583
4;ENSMUST00000054588_90_90;ENSCAFT00000004081_90_90:ENST00000357250_90_90:ENST00000370496_90_90;0.462:0.769:0.583
5;ENSMUST00000088349_90_90;ENST00000320755_90_90;0.6920000000000001
