;id_transcript;orthoorthologues;tsm_scores
0;ENSCAFT00000031572_90_90;ENST00000234677_90_90:ENSMUST00000090553_90_90;0.998:0.9940000000000001
1;ENST00000234677_90_90;ENSCAFT00000031572_90_90:ENSMUST00000090553_90_90;0.998:0.996
2;ENST00000369923_90_90;ENSMUST00000102625_90_90;0.993
3;ENSMUST00000090553_90_90;ENSCAFT00000031572_90_90:ENST00000234677_90_90;0.9940000000000001:0.996
4;ENSMUST00000102625_90_90;ENST00000369923_90_90;0.993
5;ENSMUST00000132467_90_90;;
6;ENSMUST00000153499_90_90;;
