;id_transcript;orthoorthologues;tsm_scores
0;ENSCAFT00000020871_90_90;;
1;ENSCAFT00000046642_90_90;ENST00000307546_90_90:ENSMUST00000121198_90_90;0.9990000000000001:0.9990000000000001
2;ENST00000307546_90_90;ENSCAFT00000046642_90_90:ENSMUST00000121198_90_90;0.9990000000000001:0.9990000000000001
3;ENST00000369611_90_90;ENST00000369615_90_90:ENST00000369617_90_90:ENSMUST00000064371_90_90:ENSMUST00000122303_90_90;1.0:0.978:1.0:1.0
4;ENST00000369615_90_90;ENST00000369611_90_90:ENST00000369617_90_90:ENSMUST00000064371_90_90:ENSMUST00000122303_90_90;1.0:0.978:1.0:1.0
5;ENST00000369617_90_90;ENST00000369611_90_90:ENST00000369615_90_90:ENSMUST00000064371_90_90:ENSMUST00000122303_90_90;0.978:0.978:1.0:1.0
6;ENSMUST00000064371_90_90;ENST00000369611_90_90:ENST00000369615_90_90:ENST00000369617_90_90:ENSMUST00000122303_90_90;1.0:1.0:1.0:1.0
7;ENSMUST00000121198_90_90;ENST00000307546_90_90:ENSCAFT00000046642_90_90;0.9990000000000001:0.9990000000000001
8;ENSMUST00000122303_90_90;ENST00000369611_90_90:ENST00000369615_90_90:ENST00000369617_90_90:ENSMUST00000064371_90_90;1.0:1.0:1.0:1.0
