;id_transcript;orthoorthologues;tsm_scores
0;ENSCAFT00000002348_90_90;ENST00000355621_90_90:ENST00000473814_90_90:ENSMUST00000094543_90_90:ENSMUST00000102993_90_90;0.78:0.644:0.8490000000000001:1.0
1;ENST00000355621_90_90;ENSCAFT00000002348_90_90:ENST00000473814_90_90:ENSMUST00000094543_90_90:ENSMUST00000102993_90_90;0.78:0.8490000000000001:0.644:0.78
2;ENST00000472396_90_90;;
3;ENST00000473814_90_90;ENSCAFT00000002348_90_90:ENST00000355621_90_90:ENSMUST00000094543_90_90:ENSMUST00000102993_90_90;0.644:0.8490000000000001:0.754:0.644
4;ENST00000480245_90_90;ENST00000490974_90_90;0.521
5;ENST00000490974_90_90;ENST00000480245_90_90;0.521
6;ENST00000496698_90_90;;
7;ENSMUST00000094543_90_90;ENSCAFT00000002348_90_90:ENST00000355621_90_90:ENST00000473814_90_90:ENSMUST00000102993_90_90;0.8490000000000001:0.644:0.754:0.8490000000000001
8;ENSMUST00000102993_90_90;ENSCAFT00000002348_90_90:ENST00000355621_90_90:ENST00000473814_90_90:ENSMUST00000094543_90_90;1.0:0.78:0.644:0.8490000000000001
