;id_transcript;orthoorthologues;tsm_scores
0;ENSCAFT00000002677_90_90;ENST00000380036_90_90:ENST00000406359_90_90:ENSMUST00000071168_90_90:ENSMUST00000102798_90_90;0.893:0.848:0.97:0.943
1;ENST00000380036_90_90;ENSCAFT00000002677_90_90:ENST00000406359_90_90:ENSMUST00000071168_90_90:ENSMUST00000102798_90_90;0.893:0.9520000000000001:0.867:0.893
2;ENST00000406359_90_90;ENSCAFT00000002677_90_90:ENST00000380036_90_90:ENSMUST00000071168_90_90:ENSMUST00000102798_90_90;0.848:0.9520000000000001:0.821:0.848
3;ENST00000519080_90_90;;
4;ENST00000519097_90_90;;
5;ENST00000615002_90_90;;
6;ENSMUST00000071168_90_90;ENSCAFT00000002677_90_90:ENST00000380036_90_90:ENST00000406359_90_90:ENSMUST00000102798_90_90;0.97:0.867:0.821:0.97
7;ENSMUST00000073939_90_90;;
8;ENSMUST00000102798_90_90;ENSCAFT00000002677_90_90:ENST00000380036_90_90:ENST00000406359_90_90:ENSMUST00000071168_90_90;0.943:0.893:0.848:0.97
