;id_transcript;orthoorthologues;tsm_scores
0;ENSCAFT00000000140_90_90;ENST00000266970_90_90:ENST00000553376_90_90:ENSMUST00000026415_90_90:ENSMUST00000026416_90_90;0.7140000000000001:0.625:1.0:0.857
1;ENST00000266970_90_90;ENSCAFT00000000140_90_90:ENST00000553376_90_90:ENSMUST00000026415_90_90:ENSMUST00000026416_90_90;0.7140000000000001:0.857:0.7140000000000001:0.625
2;ENST00000354056_90_90;;
3;ENST00000440311_90_90;;
4;ENST00000553376_90_90;ENSCAFT00000000140_90_90:ENST00000266970_90_90:ENSMUST00000026415_90_90:ENSMUST00000026416_90_90;0.625:0.857:0.625:0.75
5;ENST00000555357_90_90;ENST00000555408_90_90;1.0
6;ENST00000555408_90_90;ENST00000555357_90_90;1.0
7;ENSMUST00000026415_90_90;ENSCAFT00000000140_90_90:ENST00000266970_90_90:ENST00000553376_90_90:ENSMUST00000026416_90_90;1.0:0.7140000000000001:0.625:0.857
8;ENSMUST00000026416_90_90;ENSCAFT00000000140_90_90:ENST00000266970_90_90:ENST00000553376_90_90:ENSMUST00000026415_90_90;0.857:0.625:0.75:0.857
