;id_transcript;orthoorthologues;tsm_scores
0;ENSCAFT00000005480_90_90;ENST00000369303_90_90:ENSMUST00000029964_90_90:ENSMUST00000108191_90_90;0.625:0.7140000000000001:0.5710000000000001
1;ENST00000369297_90_90;;
2;ENST00000369303_90_90;ENSCAFT00000005480_90_90:ENSMUST00000029964_90_90:ENSMUST00000108191_90_90;0.625:0.444:0.33299999999999996
3;ENSMUST00000029964_90_90;ENSCAFT00000005480_90_90:ENST00000369303_90_90:ENSMUST00000108191_90_90;0.7140000000000001:0.444:0.833
4;ENSMUST00000080934_90_90;ENSMUST00000108194_90_90;0.667
5;ENSMUST00000108191_90_90;ENSCAFT00000005480_90_90:ENST00000369303_90_90:ENSMUST00000029964_90_90;0.5710000000000001:0.33299999999999996:0.833
6;ENSMUST00000108194_90_90;ENSMUST00000080934_90_90;0.667
