;id_transcript;orthoorthologues;tsm_scores
0;ENSCAFT00000005083_90_90;ENSMUST00000132017_90_90:ENST00000354504_90_90;1.0:0.987
1;ENSCAFT00000005085_90_90;ENST00000409558_90_90:ENSMUST00000109578_90_90;0.995:0.9990000000000001
2;ENST00000272322_90_90;ENSMUST00000006221_90_90;0.997
3;ENST00000354504_90_90;ENSMUST00000132017_90_90:ENSCAFT00000005083_90_90;0.987:0.987
4;ENST00000409558_90_90;ENSMUST00000109578_90_90:ENSCAFT00000005085_90_90;0.997:0.995
5;ENST00000416400_90_90;;
6;ENSMUST00000006221_90_90;ENST00000272322_90_90;0.997
7;ENSMUST00000109578_90_90;ENST00000409558_90_90:ENSCAFT00000005085_90_90;0.997:0.9990000000000001
8;ENSMUST00000132017_90_90;ENST00000354504_90_90:ENSCAFT00000005083_90_90;0.987:1.0
