;id_transcript;orthoorthologues;tsm_scores
0;ENSCAFT00000018483_90_90;ENST00000274000_90_90:ENST00000309703_90_90:ENSMUST00000051737_90_90:ENSMUST00000200409_90_90;0.857:0.7859999999999999:0.6:0.5329999999999999
1;ENST00000274000_90_90;ENSCAFT00000018483_90_90:ENST00000309703_90_90:ENSMUST00000051737_90_90:ENSMUST00000200409_90_90;0.857:0.9229999999999999:0.7140000000000001:0.643
2;ENST00000309703_90_90;ENSCAFT00000018483_90_90:ENST00000274000_90_90:ENSMUST00000051737_90_90:ENSMUST00000200409_90_90;0.7859999999999999:0.9229999999999999:0.643:0.6920000000000001
3;ENST00000512741_90_90;;
4;ENSMUST00000051737_90_90;ENSCAFT00000018483_90_90:ENST00000274000_90_90:ENST00000309703_90_90:ENSMUST00000200409_90_90;0.6:0.7140000000000001:0.643:0.909
5;ENSMUST00000196392_90_90;;
6;ENSMUST00000200409_90_90;ENSCAFT00000018483_90_90:ENST00000274000_90_90:ENST00000309703_90_90:ENSMUST00000051737_90_90;0.5329999999999999:0.643:0.6920000000000001:0.909
