;id_transcript;orthoorthologues;tsm_scores
0;ENSCAFT00000031572_90_90;ENST00000234677_90_90:ENST00000369923_90_90:ENSMUST00000090553_90_90:ENSMUST00000102625_90_90;1.0:1.0:1.0:1.0
1;ENST00000234677_90_90;ENSCAFT00000031572_90_90:ENST00000369923_90_90:ENSMUST00000090553_90_90:ENSMUST00000102625_90_90;1.0:0.902:1.0:0.8959999999999999
2;ENST00000369923_90_90;ENSCAFT00000031572_90_90:ENST00000234677_90_90:ENSMUST00000090553_90_90:ENSMUST00000102625_90_90;1.0:0.902:0.8959999999999999:1.0
3;ENSMUST00000090553_90_90;ENSCAFT00000031572_90_90:ENST00000234677_90_90:ENST00000369923_90_90:ENSMUST00000102625_90_90;1.0:1.0:0.8959999999999999:0.862
4;ENSMUST00000102625_90_90;ENSCAFT00000031572_90_90:ENST00000234677_90_90:ENST00000369923_90_90:ENSMUST00000090553_90_90;1.0:0.8959999999999999:1.0:0.862
5;ENSMUST00000132467_90_90;;
6;ENSMUST00000153499_90_90;;
