;id_transcript;orthoorthologues;tsm_scores
0;ENSCAFT00000024268_90_90;ENST00000313478_90_90:ENST00000560955_90_90:ENSMUST00000028843_90_90:ENSMUST00000103224_90_90;0.76:0.75:0.667:0.68
1;ENST00000313478_90_90;ENSCAFT00000024268_90_90:ENST00000560955_90_90:ENSMUST00000028843_90_90:ENSMUST00000103224_90_90;0.76:0.909:0.6:0.68
2;ENST00000560638_90_90;;
3;ENST00000560955_90_90;ENSCAFT00000024268_90_90:ENST00000313478_90_90:ENSMUST00000028843_90_90:ENSMUST00000103224_90_90;0.75:0.909:0.652:0.6
4;ENST00000561267_90_90;ENSMUST00000136964_90_90;0.33299999999999996
5;ENSMUST00000028843_90_90;ENSCAFT00000024268_90_90:ENST00000313478_90_90:ENST00000560955_90_90:ENSMUST00000103224_90_90;0.667:0.6:0.652:0.9
6;ENSMUST00000103224_90_90;ENSCAFT00000024268_90_90:ENST00000313478_90_90:ENST00000560955_90_90:ENSMUST00000028843_90_90;0.68:0.68:0.6:0.9
7;ENSMUST00000136964_90_90;ENST00000561267_90_90;0.33299999999999996
