;id_transcript;orthoorthologues;tsm_scores
0;ENSCAFT00000018938_90_90;ENST00000344384_90_90:ENSMUST00000033755_90_90;0.6990000000000001:0.792
1;ENST00000344384_90_90;ENSCAFT00000018938_90_90:ENSMUST00000033755_90_90;0.6990000000000001:0.8170000000000001
2;ENST00000380470_90_90;ENSMUST00000036858_90_90:ENST00000480796_90_90;0.821:0.9179999999999999
3;ENST00000480796_90_90;ENSMUST00000036858_90_90:ENST00000380470_90_90;0.898:0.9179999999999999
4;ENST00000485437_90_90;;
5;ENSMUST00000033755_90_90;ENST00000344384_90_90:ENSCAFT00000018938_90_90;0.8170000000000001:0.792
6;ENSMUST00000036858_90_90;ENST00000480796_90_90:ENST00000380470_90_90;0.898:0.821
