;id_transcript;orthoorthologues;tsm_scores
0;ENSCAFT00000002233_90_90;ENSMUST00000225645_90_90:ENST00000526134_90_90;0.851:0.56
1;ENSCAFT00000002236_90_90;ENST00000257468_90_90:ENST00000376395_90_90:ENSMUST00000058735_90_90:ENSMUST00000076454_90_90;0.7809999999999999:0.845:0.828:0.764
2;ENST00000257468_90_90;ENSCAFT00000002236_90_90:ENST00000376395_90_90:ENSMUST00000058735_90_90:ENSMUST00000076454_90_90;0.7809999999999999:0.932:0.826:0.88
3;ENST00000376395_90_90;ENSCAFT00000002236_90_90:ENST00000257468_90_90:ENSMUST00000058735_90_90:ENSMUST00000076454_90_90;0.845:0.932:0.889:0.826
4;ENST00000526134_90_90;ENSMUST00000225645_90_90:ENSCAFT00000002233_90_90;0.526:0.56
5;ENST00000529923_90_90;;
6;ENSMUST00000058735_90_90;ENSCAFT00000002236_90_90:ENST00000257468_90_90:ENST00000376395_90_90:ENSMUST00000076454_90_90;0.828:0.826:0.889:0.93
7;ENSMUST00000076454_90_90;ENSCAFT00000002236_90_90:ENST00000257468_90_90:ENST00000376395_90_90:ENSMUST00000058735_90_90;0.764:0.88:0.826:0.93
8;ENSMUST00000225645_90_90;ENST00000526134_90_90:ENSCAFT00000002233_90_90;0.526:0.851
