;id_transcript;orthoorthologues;tsm_scores
0;ENSCAFT00000018938_90_90;ENST00000344384_90_90:ENSMUST00000033755_90_90;0.9009999999999999:0.903
1;ENST00000344384_90_90;ENSCAFT00000018938_90_90:ENSMUST00000033755_90_90;0.9009999999999999:0.997
2;ENST00000380470_90_90;;
3;ENST00000480796_90_90;ENSMUST00000036858_90_90;0.998
4;ENST00000485437_90_90;;
5;ENSMUST00000033755_90_90;ENST00000344384_90_90:ENSCAFT00000018938_90_90;0.997:0.903
6;ENSMUST00000036858_90_90;ENST00000480796_90_90;0.998
