;id_transcript;orthoorthologues;tsm_scores
0;ENSCAFT00000007841_90_90;ENST00000277575_90_90:ENST00000379237_90_90:ENST00000609104_90_90:ENSMUST00000042503_90_90:ENSMUST00000114937_90_90;0.609:0.52:0.652:0.5:0.565
1;ENST00000277575_90_90;ENSCAFT00000007841_90_90:ENST00000379237_90_90:ENST00000609104_90_90:ENSMUST00000042503_90_90:ENSMUST00000114937_90_90;0.609:0.762:0.762:0.591:0.522
2;ENST00000379237_90_90;ENSCAFT00000007841_90_90:ENST00000277575_90_90:ENST00000609104_90_90:ENSMUST00000042503_90_90:ENSMUST00000114937_90_90;0.52:0.762:0.727:0.636:0.5
3;ENST00000609104_90_90;ENSCAFT00000007841_90_90:ENST00000277575_90_90:ENST00000379237_90_90:ENSMUST00000042503_90_90:ENSMUST00000114937_90_90;0.652:0.762:0.727:0.5:0.7140000000000001
4;ENST00000609853_90_90;;
5;ENSMUST00000042503_90_90;ENSCAFT00000007841_90_90:ENST00000277575_90_90:ENST00000379237_90_90:ENST00000609104_90_90:ENSMUST00000114937_90_90;0.5:0.591:0.636:0.5:0.7
6;ENSMUST00000114937_90_90;ENSCAFT00000007841_90_90:ENST00000277575_90_90:ENST00000379237_90_90:ENST00000609104_90_90:ENSMUST00000042503_90_90;0.565:0.522:0.5:0.7140000000000001:0.7
