;id_transcript;orthoorthologues;tsm_scores
0;ENSCAFT00000007841_90_90;ENST00000277575_90_90:ENST00000379237_90_90:ENST00000609104_90_90:ENSMUST00000042503_90_90:ENSMUST00000114937_90_90;0.556:0.556:0.688:0.529:0.667
1;ENST00000277575_90_90;ENSCAFT00000007841_90_90:ENST00000379237_90_90:ENST00000609104_90_90:ENSMUST00000042503_90_90:ENSMUST00000114937_90_90;0.556:0.765:0.812:0.647:0.588
2;ENST00000379237_90_90;ENSCAFT00000007841_90_90:ENST00000277575_90_90:ENST00000609104_90_90:ENSMUST00000042503_90_90:ENSMUST00000114937_90_90;0.556:0.765:0.812:0.647:0.588
3;ENST00000609104_90_90;ENSCAFT00000007841_90_90:ENST00000277575_90_90:ENST00000379237_90_90:ENSMUST00000042503_90_90:ENSMUST00000114937_90_90;0.688:0.812:0.812:0.588:0.733
4;ENST00000609853_90_90;;
5;ENSMUST00000042503_90_90;ENSCAFT00000007841_90_90:ENST00000277575_90_90:ENST00000379237_90_90:ENST00000609104_90_90:ENSMUST00000114937_90_90;0.529:0.647:0.647:0.588:0.7859999999999999
6;ENSMUST00000114937_90_90;ENSCAFT00000007841_90_90:ENST00000277575_90_90:ENST00000379237_90_90:ENST00000609104_90_90:ENSMUST00000042503_90_90;0.667:0.588:0.588:0.733:0.7859999999999999
