;id_transcript;orthoorthologues;tsm_scores
0;ENSCAFT00000020479_90_90;ENSMUST00000029795_90_90:ENST00000318247_90_90;0.882:0.73
1;ENST00000318247_90_90;ENSMUST00000029795_90_90:ENSCAFT00000020479_90_90;0.748:0.73
2;ENST00000356728_90_90;ENSMUST00000197040_90_90;0.7440000000000001
3;ENST00000638901_90_90;;
4;ENSMUST00000029795_90_90;ENSCAFT00000020479_90_90:ENST00000318247_90_90;0.882:0.748
5;ENSMUST00000197040_90_90;ENST00000356728_90_90;0.7440000000000001
6;ENSMUST00000200009_90_90;;
