;id_transcript;orthoorthologues;tsm_scores
0;ENSCAFT00000023797_90_90;ENST00000239461_90_90:ENSMUST00000027878_90_90;0.9990000000000001:0.9990000000000001
1;ENSCAFT00000049641_90_90;ENSMUST00000075805_90_90:ENST00000367760_90_90;0.919:0.998
2;ENST00000239461_90_90;ENSCAFT00000023797_90_90:ENSMUST00000027878_90_90;0.9990000000000001:1.0
3;ENST00000367760_90_90;ENSMUST00000075805_90_90:ENSCAFT00000049641_90_90;0.912:0.998
4;ENST00000497230_90_90;ENSMUST00000174397_90_90;1.0
5;ENSMUST00000027878_90_90;ENSCAFT00000023797_90_90:ENST00000239461_90_90;0.9990000000000001:1.0
6;ENSMUST00000075805_90_90;ENSCAFT00000049641_90_90:ENST00000367760_90_90;0.919:0.912
7;ENSMUST00000174397_90_90;ENST00000497230_90_90;1.0
