;id_transcript;orthoorthologues;tsm_scores
0;ENSCAFT00000027549_90_90;ENST00000368575_90_90:ENST00000614713_90_90:ENSMUST00000065418_90_90:ENSMUST00000107373_90_90;0.222:0.222:0.294:0.11800000000000001
1;ENST00000368575_90_90;ENSCAFT00000027549_90_90:ENST00000614713_90_90:ENSMUST00000065418_90_90:ENSMUST00000107373_90_90;0.222:0.267:0.5:0.35
2;ENST00000614713_90_90;ENSCAFT00000027549_90_90:ENST00000368575_90_90:ENSMUST00000065418_90_90:ENSMUST00000107373_90_90;0.222:0.267:0.11800000000000001:0.0
3;ENSMUST00000065418_90_90;ENSCAFT00000027549_90_90:ENST00000368575_90_90:ENST00000614713_90_90:ENSMUST00000107373_90_90;0.294:0.5:0.11800000000000001:0.688
4;ENSMUST00000107373_90_90;ENSCAFT00000027549_90_90:ENST00000368575_90_90:ENST00000614713_90_90:ENSMUST00000065418_90_90;0.11800000000000001:0.35:0.0:0.688
