;id_transcript;orthoorthologues;tsm_scores
0;ENSCAFT00000020871_90_90;;
1;ENSCAFT00000046642_90_90;ENST00000307546_90_90:ENSMUST00000121198_90_90;0.9940000000000001:0.986
2;ENST00000307546_90_90;ENSCAFT00000046642_90_90:ENSMUST00000121198_90_90;0.9940000000000001:0.991
3;ENST00000369611_90_90;ENSMUST00000122303_90_90:ENSMUST00000064371_90_90:ENST00000369615_90_90;0.996:0.996:1.0
4;ENST00000369615_90_90;ENSMUST00000122303_90_90:ENST00000369611_90_90:ENSMUST00000064371_90_90;0.996:1.0:0.996
5;ENST00000369617_90_90;;
6;ENSMUST00000064371_90_90;ENSMUST00000122303_90_90:ENST00000369611_90_90:ENST00000369615_90_90;1.0:0.996:0.996
7;ENSMUST00000121198_90_90;ENST00000307546_90_90:ENSCAFT00000046642_90_90;0.991:0.986
8;ENSMUST00000122303_90_90;ENST00000369611_90_90:ENSMUST00000064371_90_90:ENST00000369615_90_90;0.996:1.0:0.996
