;id_transcript;orthoorthologues;tsm_scores
0;ENSCAFT00000016744_90_90;ENSCAFT00000045427_90_90:ENST00000335753_90_90:ENST00000369755_90_90:ENSMUST00000026043_90_90:ENSMUST00000051691_90_90;0.965:0.893:0.929:0.809:0.843
1;ENSCAFT00000045427_90_90;ENSCAFT00000016744_90_90:ENST00000335753_90_90:ENST00000369755_90_90:ENSMUST00000026043_90_90:ENSMUST00000051691_90_90;0.965:0.925:0.893:0.8370000000000001:0.809
2;ENST00000335753_90_90;ENSCAFT00000016744_90_90:ENSCAFT00000045427_90_90:ENST00000369755_90_90:ENSMUST00000026043_90_90:ENSMUST00000051691_90_90;0.893:0.925:0.961:0.765:0.742
3;ENST00000369755_90_90;ENSCAFT00000016744_90_90:ENSCAFT00000045427_90_90:ENST00000335753_90_90:ENSMUST00000026043_90_90:ENSMUST00000051691_90_90;0.929:0.893:0.961:0.742:0.775
4;ENSMUST00000026043_90_90;ENSCAFT00000016744_90_90:ENSCAFT00000045427_90_90:ENST00000335753_90_90:ENST00000369755_90_90:ENSMUST00000051691_90_90;0.809:0.8370000000000001:0.765:0.742:0.958
5;ENSMUST00000051691_90_90;ENSCAFT00000016744_90_90:ENSCAFT00000045427_90_90:ENST00000335753_90_90:ENST00000369755_90_90:ENSMUST00000026043_90_90;0.843:0.809:0.742:0.775:0.958
