;id_transcript;orthoorthologues;tsm_scores
0;ENSCAFT00000007841_90_90;ENST00000277575_90_90:ENST00000379237_90_90:ENST00000609104_90_90:ENSMUST00000042503_90_90:ENSMUST00000114937_90_90;0.9990000000000001:0.998:0.9990000000000001:0.9990000000000001:0.9990000000000001
1;ENST00000277575_90_90;ENSCAFT00000007841_90_90:ENST00000379237_90_90:ENST00000609104_90_90:ENSMUST00000042503_90_90:ENSMUST00000114937_90_90;0.9990000000000001:0.951:0.977:0.971:0.998
2;ENST00000379237_90_90;ENSCAFT00000007841_90_90:ENST00000277575_90_90:ENST00000609104_90_90:ENSMUST00000042503_90_90:ENSMUST00000114937_90_90;0.998:0.951:0.97:0.9990000000000001:0.9690000000000001
3;ENST00000609104_90_90;ENSCAFT00000007841_90_90:ENST00000277575_90_90:ENST00000379237_90_90:ENSMUST00000042503_90_90:ENSMUST00000114937_90_90;0.9990000000000001:0.977:0.97:0.9690000000000001:1.0
4;ENST00000609853_90_90;;
5;ENSMUST00000042503_90_90;ENSCAFT00000007841_90_90:ENST00000277575_90_90:ENST00000379237_90_90:ENST00000609104_90_90:ENSMUST00000114937_90_90;0.9990000000000001:0.971:0.9990000000000001:0.9690000000000001:0.97
6;ENSMUST00000114937_90_90;ENSCAFT00000007841_90_90:ENST00000277575_90_90:ENST00000379237_90_90:ENST00000609104_90_90:ENSMUST00000042503_90_90;0.9990000000000001:0.998:0.9690000000000001:1.0:0.97
