;id_transcript;orthoorthologues;tsm_scores
0;ENSCAFT00000004700_90_90;ENST00000343060_90_90:ENSMUST00000000964_90_90;0.833:0.7140000000000001
1;ENST00000343060_90_90;ENSCAFT00000004700_90_90:ENSMUST00000000964_90_90;0.833:0.857
2;ENST00000355633_90_90;ENSMUST00000120363_90_90;0.8
3;ENSMUST00000000964_90_90;ENSCAFT00000004700_90_90:ENST00000343060_90_90;0.7140000000000001:0.857
4;ENSMUST00000120363_90_90;ENST00000355633_90_90;0.8
