;id_transcript;orthoorthologues;tsm_scores
0;ENSCAFT00000014133_90_90;ENST00000351677_90_90:ENST00000635625_90_90:ENSMUST00000054547_90_90:ENSMUST00000100770_90_90;0.5710000000000001:0.5329999999999999:0.769:0.833
1;ENST00000351677_90_90;ENSCAFT00000014133_90_90:ENST00000635625_90_90:ENSMUST00000054547_90_90:ENSMUST00000100770_90_90;0.5710000000000001:0.917:0.643:0.6920000000000001
2;ENST00000392597_90_90;;
3;ENST00000530818_90_90;;
4;ENST00000635625_90_90;ENSCAFT00000014133_90_90:ENST00000351677_90_90:ENSMUST00000054547_90_90:ENSMUST00000100770_90_90;0.5329999999999999:0.917:0.7140000000000001:0.643
5;ENST00000635652_90_90;;
6;ENST00000639857_90_90;;
7;ENSMUST00000054547_90_90;ENSCAFT00000014133_90_90:ENST00000351677_90_90:ENST00000635625_90_90:ENSMUST00000100770_90_90;0.769:0.643:0.7140000000000001:0.917
8;ENSMUST00000100770_90_90;ENSCAFT00000014133_90_90:ENST00000351677_90_90:ENST00000635625_90_90:ENSMUST00000054547_90_90;0.833:0.6920000000000001:0.643:0.917
