;id_transcript;orthoorthologues;tsm_scores
0;ENSCAFT00000026430_90_90;ENST00000310418_90_90;0.983
1;ENST00000310418_90_90;ENSCAFT00000026430_90_90;0.983
2;ENST00000345807_90_90;;
3;ENST00000502877_90_90;ENSMUST00000140142_90_90;0.35100000000000003
4;ENST00000508425_90_90;;
5;ENST00000510734_90_90;ENSMUST00000049575_90_90:ENSMUST00000091609_90_90;0.581:0.502
6;ENSMUST00000049575_90_90;ENST00000510734_90_90:ENSMUST00000091609_90_90;0.581:0.9209999999999999
7;ENSMUST00000091609_90_90;ENST00000510734_90_90:ENSMUST00000049575_90_90;0.502:0.9209999999999999
8;ENSMUST00000140142_90_90;ENST00000502877_90_90;0.35100000000000003
