;id_transcript;orthoorthologues;tsm_scores
0;ENSCAFT00000002504_90_90;ENST00000325888_90_90:ENSMUST00000065090_90_90;0.873:0.9359999999999999
1;ENSCAFT00000045585_90_90;;
2;ENST00000325888_90_90;ENSCAFT00000002504_90_90:ENSMUST00000065090_90_90;0.873:0.938
3;ENST00000346177_90_90;ENSMUST00000101617_90_90;0.9
4;ENSMUST00000065090_90_90;ENSCAFT00000002504_90_90:ENST00000325888_90_90;0.9359999999999999:0.938
5;ENSMUST00000101617_90_90;ENST00000346177_90_90;0.9
