;id_transcript;orthoorthologues;tsm_scores
0;ENSCAFT00000004081_90_90;ENST00000357250_90_90:ENSMUST00000054588_90_90;0.9470000000000001:0.953
1;ENST00000320755_90_90;ENSMUST00000088349_90_90;0.992
2;ENST00000357250_90_90;ENSCAFT00000004081_90_90:ENSMUST00000054588_90_90;0.9470000000000001:0.9940000000000001
3;ENST00000370496_90_90;;
4;ENSMUST00000054588_90_90;ENSCAFT00000004081_90_90:ENST00000357250_90_90;0.953:0.9940000000000001
5;ENSMUST00000088349_90_90;ENST00000320755_90_90;0.992
