;id_transcript;orthoorthologues;tsm_scores
0;ENSCAFT00000022316_90_90;ENST00000392456_90_90;0.99
1;ENSCAFT00000022321_90_90;ENST00000392455_90_90:ENSMUST00000143823_90_90;0.9640000000000001:0.785
2;ENST00000392455_90_90;ENSCAFT00000022321_90_90:ENSMUST00000143823_90_90;0.9640000000000001:0.785
3;ENST00000392456_90_90;ENSCAFT00000022316_90_90;0.99
4;ENSMUST00000039443_90_90;;
5;ENSMUST00000096127_90_90;ENSMUST00000100026_90_90;0.951
6;ENSMUST00000100026_90_90;ENSMUST00000096127_90_90;0.951
7;ENSMUST00000143823_90_90;ENSCAFT00000022321_90_90:ENST00000392455_90_90;0.785:0.785
