;id_transcript;orthoorthologues;tsm_scores
0;ENSCAFT00000002504_90_90;ENST00000325888_90_90:ENSMUST00000065090_90_90;0.748:0.789
1;ENSCAFT00000045585_90_90;;
2;ENST00000325888_90_90;ENSCAFT00000002504_90_90:ENSMUST00000065090_90_90;0.748:0.95
3;ENST00000346177_90_90;ENSMUST00000101617_90_90;0.9279999999999999
4;ENSMUST00000065090_90_90;ENSCAFT00000002504_90_90:ENST00000325888_90_90;0.789:0.95
5;ENSMUST00000101617_90_90;ENST00000346177_90_90;0.9279999999999999
