;id_transcript;orthoorthologues;tsm_scores
0;ENSCAFT00000004081_90_90;ENST00000357250_90_90:ENSMUST00000054588_90_90;0.9520000000000001:0.953
1;ENST00000320755_90_90;ENSMUST00000088349_90_90;1.0
2;ENST00000357250_90_90;ENSCAFT00000004081_90_90:ENSMUST00000054588_90_90;0.9520000000000001:1.0
3;ENST00000370496_90_90;;
4;ENSMUST00000054588_90_90;ENSCAFT00000004081_90_90:ENST00000357250_90_90;0.953:1.0
5;ENSMUST00000088349_90_90;ENST00000320755_90_90;1.0
