;id_transcript;orthoorthologues;tsm_scores
0;ENSCAFT00000027549_90_90;ENST00000368575_90_90:ENST00000614713_90_90:ENSMUST00000065418_90_90:ENSMUST00000107373_90_90;0.46399999999999997:0.354:0.413:0.128
1;ENST00000368575_90_90;ENSCAFT00000027549_90_90:ENST00000614713_90_90:ENSMUST00000065418_90_90:ENSMUST00000107373_90_90;0.46399999999999997:0.601:0.23199999999999998:0.121
2;ENST00000614713_90_90;ENSCAFT00000027549_90_90:ENST00000368575_90_90:ENSMUST00000065418_90_90:ENSMUST00000107373_90_90;0.354:0.601:0.003:0.0
3;ENSMUST00000065418_90_90;ENSCAFT00000027549_90_90:ENST00000368575_90_90:ENST00000614713_90_90:ENSMUST00000107373_90_90;0.413:0.23199999999999998:0.003:0.591
4;ENSMUST00000107373_90_90;ENSCAFT00000027549_90_90:ENST00000368575_90_90:ENST00000614713_90_90:ENSMUST00000065418_90_90;0.128:0.121:0.0:0.591
