;id_transcript;orthoorthologues;tsm_scores
0;ENSCAFT00000026430_90_90;ENST00000310418_90_90:ENST00000345807_90_90;0.9129999999999999:0.87
1;ENST00000310418_90_90;ENSCAFT00000026430_90_90:ENST00000345807_90_90;0.9129999999999999:0.955
2;ENST00000345807_90_90;ENST00000310418_90_90:ENSCAFT00000026430_90_90;0.955:0.87
3;ENST00000502877_90_90;ENSMUST00000140142_90_90;0.37
4;ENST00000508425_90_90;;
5;ENST00000510734_90_90;ENSMUST00000049575_90_90:ENSMUST00000091609_90_90;0.5529999999999999:0.447
6;ENSMUST00000049575_90_90;ENST00000510734_90_90:ENSMUST00000091609_90_90;0.5529999999999999:0.892
7;ENSMUST00000091609_90_90;ENST00000510734_90_90:ENSMUST00000049575_90_90;0.447:0.892
8;ENSMUST00000140142_90_90;ENST00000502877_90_90;0.37
