;id_transcript;orthoorthologues;tsm_scores
0;ENSCAFT00000024268_90_90;ENST00000313478_90_90:ENST00000560955_90_90:ENSMUST00000028843_90_90:ENSMUST00000103224_90_90;0.76:0.75:0.64:0.654
1;ENST00000313478_90_90;ENSCAFT00000024268_90_90:ENST00000560955_90_90:ENSMUST00000028843_90_90:ENSMUST00000103224_90_90;0.76:0.909:0.5770000000000001:0.654
2;ENST00000560638_90_90;;
3;ENST00000560955_90_90;ENSCAFT00000024268_90_90:ENST00000313478_90_90:ENSMUST00000028843_90_90:ENSMUST00000103224_90_90;0.75:0.909:0.625:0.5770000000000001
4;ENST00000561267_90_90;ENSMUST00000136964_90_90;0.3
5;ENSMUST00000028843_90_90;ENSCAFT00000024268_90_90:ENST00000313478_90_90:ENST00000560955_90_90:ENSMUST00000103224_90_90;0.64:0.5770000000000001:0.625:0.905
6;ENSMUST00000103224_90_90;ENSCAFT00000024268_90_90:ENST00000313478_90_90:ENST00000560955_90_90:ENSMUST00000028843_90_90;0.654:0.654:0.5770000000000001:0.905
7;ENSMUST00000136964_90_90;ENST00000561267_90_90;0.3
