;id_transcript;orthoorthologues;tsm_scores
0;ENSCAFT00000014796_90_90;ENST00000330622_90_90:ENST00000622495_90_90:ENSMUST00000035579_90_90:ENSMUST00000202447_90_90;0.8490000000000001:0.883:0.915:0.877
1;ENST00000330622_90_90;ENSCAFT00000014796_90_90:ENST00000622495_90_90:ENSMUST00000035579_90_90:ENSMUST00000202447_90_90;0.8490000000000001:0.956:0.8490000000000001:0.8909999999999999
2;ENST00000427718_90_90;;
3;ENST00000548840_90_90;;
4;ENST00000550180_90_90;ENSMUST00000201611_90_90;0.847
5;ENST00000622495_90_90;ENSCAFT00000014796_90_90:ENST00000330622_90_90:ENSMUST00000035579_90_90:ENSMUST00000202447_90_90;0.883:0.956:0.883:0.8490000000000001
6;ENSMUST00000035579_90_90;ENSCAFT00000014796_90_90:ENST00000330622_90_90:ENST00000622495_90_90:ENSMUST00000202447_90_90;0.915:0.8490000000000001:0.883:0.953
7;ENSMUST00000201611_90_90;ENST00000550180_90_90;0.847
8;ENSMUST00000202447_90_90;ENSCAFT00000014796_90_90:ENST00000330622_90_90:ENST00000622495_90_90:ENSMUST00000035579_90_90;0.877:0.8909999999999999:0.8490000000000001:0.953
