;id_transcript;orthoorthologues;tsm_scores
0;ENSCAFT00000008032_90_90;ENST00000397463_90_90:ENSMUST00000159417_90_90;0.9670000000000001:0.932
1;ENST00000345008_90_90;ENSMUST00000162899_90_90:ENSMUST00000159529_90_90:ENSMUST00000027582_90_90;0.985:0.985:0.985
2;ENST00000397463_90_90;ENSCAFT00000008032_90_90:ENSMUST00000159417_90_90;0.9670000000000001:0.945
3;ENST00000449209_90_90;;
4;ENSMUST00000027582_90_90;ENSMUST00000162899_90_90:ENSMUST00000159529_90_90:ENST00000345008_90_90;1.0:1.0:0.985
5;ENSMUST00000159417_90_90;ENST00000397463_90_90:ENSCAFT00000008032_90_90;0.945:0.932
6;ENSMUST00000159529_90_90;ENSMUST00000162899_90_90:ENST00000345008_90_90:ENSMUST00000027582_90_90;1.0:0.985:1.0
7;ENSMUST00000161361_90_90;;
8;ENSMUST00000162899_90_90;ENSMUST00000159529_90_90:ENST00000345008_90_90:ENSMUST00000027582_90_90;1.0:0.985:1.0
