;id_transcript;orthoorthologues;tsm_scores
0;ENSCAFT00000005480_90_90;ENST00000369303_90_90:ENSMUST00000029964_90_90:ENSMUST00000108191_90_90;1.0:0.815:0.763
1;ENST00000369297_90_90;;
2;ENST00000369303_90_90;ENSCAFT00000005480_90_90:ENSMUST00000029964_90_90:ENSMUST00000108191_90_90;1.0:0.6629999999999999:0.62
3;ENSMUST00000029964_90_90;ENSCAFT00000005480_90_90:ENST00000369303_90_90:ENSMUST00000108191_90_90;0.815:0.6629999999999999:0.968
4;ENSMUST00000080934_90_90;ENSMUST00000108194_90_90;0.9109999999999999
5;ENSMUST00000108191_90_90;ENSCAFT00000005480_90_90:ENST00000369303_90_90:ENSMUST00000029964_90_90;0.763:0.62:0.968
6;ENSMUST00000108194_90_90;ENSMUST00000080934_90_90;0.9109999999999999
