;id_transcript;orthoorthologues;tsm_scores
0;ENSCAFT00000031393_90_90;;
1;ENSCAFT00000044983_90_90;ENSMUST00000105691_90_90:ENST00000361311_90_90;0.997:0.9990000000000001
2;ENST00000361311_90_90;ENSCAFT00000044983_90_90:ENSMUST00000105691_90_90;0.9990000000000001:0.998
3;ENST00000377298_90_90;ENSMUST00000039144_90_90;0.998
4;ENST00000435891_90_90;;
5;ENSMUST00000039144_90_90;ENST00000377298_90_90;0.998
6;ENSMUST00000105691_90_90;ENSCAFT00000044983_90_90:ENST00000361311_90_90;0.997:0.998
