;id_transcript;orthoorthologues;tsm_scores
0;ENSCAFT00000020871_90_90;;
1;ENSCAFT00000046642_90_90;ENST00000307546_90_90:ENSMUST00000121198_90_90;0.907:0.7759999999999999
2;ENST00000307546_90_90;ENSCAFT00000046642_90_90:ENSMUST00000121198_90_90;0.907:0.81
3;ENST00000369611_90_90;ENSMUST00000122303_90_90:ENSMUST00000064371_90_90:ENST00000369615_90_90;0.861:0.861:1.0
4;ENST00000369615_90_90;ENSMUST00000122303_90_90:ENST00000369611_90_90:ENSMUST00000064371_90_90;0.861:1.0:0.861
5;ENST00000369617_90_90;;
6;ENSMUST00000064371_90_90;ENSMUST00000122303_90_90:ENST00000369611_90_90:ENST00000369615_90_90;1.0:0.861:0.861
7;ENSMUST00000121198_90_90;ENST00000307546_90_90:ENSCAFT00000046642_90_90;0.81:0.7759999999999999
8;ENSMUST00000122303_90_90;ENST00000369611_90_90:ENSMUST00000064371_90_90:ENST00000369615_90_90;0.861:1.0:0.861
