;id_transcript;orthoorthologues;tsm_scores
0;ENSCAFT00000002233_90_90;ENST00000526134_90_90:ENSMUST00000225645_90_90;0.5379999999999999:0.8059999999999999
1;ENSCAFT00000002236_90_90;ENST00000257468_90_90:ENST00000376395_90_90:ENSMUST00000058735_90_90:ENSMUST00000076454_90_90;0.884:0.9540000000000001:0.843:0.778
2;ENST00000257468_90_90;ENSCAFT00000002236_90_90:ENST00000376395_90_90:ENSMUST00000058735_90_90:ENSMUST00000076454_90_90;0.884:0.9279999999999999:0.8140000000000001:0.8690000000000001
3;ENST00000376395_90_90;ENSCAFT00000002236_90_90:ENST00000257468_90_90:ENSMUST00000058735_90_90:ENSMUST00000076454_90_90;0.9540000000000001:0.9279999999999999:0.8809999999999999:0.8140000000000001
4;ENST00000526134_90_90;ENSMUST00000225645_90_90:ENSCAFT00000002233_90_90;0.526:0.5379999999999999
5;ENST00000529923_90_90;;
6;ENSMUST00000058735_90_90;ENSCAFT00000002236_90_90:ENST00000257468_90_90:ENST00000376395_90_90:ENSMUST00000076454_90_90;0.843:0.8140000000000001:0.8809999999999999:0.9259999999999999
7;ENSMUST00000076454_90_90;ENSCAFT00000002236_90_90:ENST00000257468_90_90:ENST00000376395_90_90:ENSMUST00000058735_90_90;0.778:0.8690000000000001:0.8140000000000001:0.9259999999999999
8;ENSMUST00000225645_90_90;ENST00000526134_90_90:ENSCAFT00000002233_90_90;0.526:0.8059999999999999
