;id_transcript;orthoorthologues;tsm_scores
0;ENSCAFT00000027549_90_90;ENST00000368575_90_90:ENSMUST00000065418_90_90;0.871:0.9259999999999999
1;ENST00000368575_90_90;ENSCAFT00000027549_90_90:ENSMUST00000065418_90_90;0.871:0.807
2;ENST00000614713_90_90;ENSMUST00000107373_90_90;0.688
3;ENSMUST00000065418_90_90;ENSCAFT00000027549_90_90:ENST00000368575_90_90;0.9259999999999999:0.807
4;ENSMUST00000107373_90_90;ENST00000614713_90_90;0.688
