;id_transcript;orthoorthologues;tsm_scores
0;ENSCAFT00000018483_90_90;ENST00000274000_90_90:ENST00000309703_90_90:ENSMUST00000051737_90_90:ENSMUST00000200409_90_90;0.882:0.8240000000000001:0.625:0.562
1;ENST00000274000_90_90;ENSCAFT00000018483_90_90:ENST00000309703_90_90:ENSMUST00000051737_90_90:ENSMUST00000200409_90_90;0.882:0.938:0.529:0.47100000000000003
2;ENST00000309703_90_90;ENSCAFT00000018483_90_90:ENST00000274000_90_90:ENSMUST00000051737_90_90:ENSMUST00000200409_90_90;0.8240000000000001:0.938:0.47100000000000003:0.5
3;ENST00000512741_90_90;;
4;ENSMUST00000051737_90_90;ENSCAFT00000018483_90_90:ENST00000274000_90_90:ENST00000309703_90_90:ENSMUST00000200409_90_90;0.625:0.529:0.47100000000000003:0.9
5;ENSMUST00000196392_90_90;;
6;ENSMUST00000200409_90_90;ENSCAFT00000018483_90_90:ENST00000274000_90_90:ENST00000309703_90_90:ENSMUST00000051737_90_90;0.562:0.47100000000000003:0.5:0.9
