;id_transcript;orthoorthologues;tsm_scores
0;ENSCAFT00000014796_90_90;ENST00000330622_90_90:ENST00000622495_90_90:ENSMUST00000035579_90_90:ENSMUST00000202447_90_90;1.0:1.0:1.0:1.0
1;ENST00000330622_90_90;ENSCAFT00000014796_90_90:ENST00000622495_90_90:ENSMUST00000035579_90_90:ENSMUST00000202447_90_90;1.0:0.9229999999999999:0.909:1.0
2;ENST00000427718_90_90;;
3;ENST00000548840_90_90;;
4;ENST00000550180_90_90;ENSMUST00000201611_90_90;1.0
5;ENST00000622495_90_90;ENSCAFT00000014796_90_90:ENST00000330622_90_90:ENSMUST00000035579_90_90:ENSMUST00000202447_90_90;1.0:0.9229999999999999:1.0:0.909
6;ENSMUST00000035579_90_90;ENSCAFT00000014796_90_90:ENST00000330622_90_90:ENST00000622495_90_90:ENSMUST00000202447_90_90;1.0:0.909:1.0:0.917
7;ENSMUST00000201611_90_90;ENST00000550180_90_90;1.0
8;ENSMUST00000202447_90_90;ENSCAFT00000014796_90_90:ENST00000330622_90_90:ENST00000622495_90_90:ENSMUST00000035579_90_90;1.0:1.0:0.909:0.917
