;id_transcript;orthoorthologues;tsm_scores
0;ENSCAFT00000010521_90_90;ENST00000318522_90_90;0.9990000000000001
1;ENST00000318522_90_90;ENSCAFT00000010521_90_90;0.9990000000000001
2;ENST00000401738_90_90;ENSMUST00000096766_90_90;0.996
3;ENST00000402711_90_90;ENSMUST00000112363_90_90;0.996
4;ENSMUST00000049503_90_90;;
5;ENSMUST00000096766_90_90;ENST00000401738_90_90;0.996
6;ENSMUST00000112363_90_90;ENST00000402711_90_90;0.996
