;id_transcript;orthoorthologues;tsm_scores
0;ENSCAFT00000007841_90_90;ENST00000277575_90_90:ENST00000379237_90_90:ENST00000609104_90_90:ENSMUST00000042503_90_90:ENSMUST00000114937_90_90;0.758:0.755:0.835:0.738:0.8220000000000001
1;ENST00000277575_90_90;ENSCAFT00000007841_90_90:ENST00000379237_90_90:ENST00000609104_90_90:ENSMUST00000042503_90_90:ENSMUST00000114937_90_90;0.758:0.858:0.895:0.7909999999999999:0.773
2;ENST00000379237_90_90;ENSCAFT00000007841_90_90:ENST00000277575_90_90:ENST00000609104_90_90:ENSMUST00000042503_90_90:ENSMUST00000114937_90_90;0.755:0.858:0.8909999999999999:0.815:0.77
3;ENST00000609104_90_90;ENSCAFT00000007841_90_90:ENST00000277575_90_90:ENST00000379237_90_90:ENSMUST00000042503_90_90:ENSMUST00000114937_90_90;0.835:0.895:0.8909999999999999:0.77:0.857
4;ENST00000609853_90_90;;
5;ENSMUST00000042503_90_90;ENSCAFT00000007841_90_90:ENST00000277575_90_90:ENST00000379237_90_90:ENST00000609104_90_90:ENSMUST00000114937_90_90;0.738:0.7909999999999999:0.815:0.77:0.878
6;ENSMUST00000114937_90_90;ENSCAFT00000007841_90_90:ENST00000277575_90_90:ENST00000379237_90_90:ENST00000609104_90_90:ENSMUST00000042503_90_90;0.8220000000000001:0.773:0.77:0.857:0.878
