;id_transcript;orthoorthologues;tsm_scores
0;ENSCAFT00000018483_90_90;ENST00000274000_90_90:ENST00000309703_90_90:ENSMUST00000051737_90_90:ENSMUST00000200409_90_90;0.927:0.838:0.7909999999999999:0.703
1;ENST00000274000_90_90;ENSCAFT00000018483_90_90:ENST00000309703_90_90:ENSMUST00000051737_90_90:ENSMUST00000200409_90_90;0.927:0.907:0.8490000000000001:0.759
2;ENST00000309703_90_90;ENSCAFT00000018483_90_90:ENST00000274000_90_90:ENSMUST00000051737_90_90:ENSMUST00000200409_90_90;0.838:0.907:0.759:0.8370000000000001
3;ENST00000512741_90_90;;
4;ENSMUST00000051737_90_90;ENSCAFT00000018483_90_90:ENST00000274000_90_90:ENST00000309703_90_90:ENSMUST00000200409_90_90;0.7909999999999999:0.8490000000000001:0.759:0.899
5;ENSMUST00000196392_90_90;;
6;ENSMUST00000200409_90_90;ENSCAFT00000018483_90_90:ENST00000274000_90_90:ENST00000309703_90_90:ENSMUST00000051737_90_90;0.703:0.759:0.8370000000000001:0.899
