;id_transcript;orthoorthologues;tsm_scores
0;ENSCAFT00000010521_90_90;ENST00000401738_90_90:ENSMUST00000096766_90_90;0.895:0.843
1;ENST00000318522_90_90;;
2;ENST00000401738_90_90;ENSMUST00000096766_90_90:ENSCAFT00000010521_90_90;0.948:0.895
3;ENST00000402711_90_90;ENSMUST00000112363_90_90;0.9259999999999999
4;ENSMUST00000049503_90_90;;
5;ENSMUST00000096766_90_90;ENST00000401738_90_90:ENSCAFT00000010521_90_90;0.948:0.843
6;ENSMUST00000112363_90_90;ENST00000402711_90_90;0.9259999999999999
