;id_transcript;orthoorthologues;tsm_scores
0;ENSCAFT00000014796_90_90;ENST00000330622_90_90:ENST00000622495_90_90:ENSMUST00000035579_90_90:ENSMUST00000202447_90_90;0.998:0.998:0.9990000000000001:0.9990000000000001
1;ENST00000330622_90_90;ENSCAFT00000014796_90_90:ENST00000622495_90_90:ENSMUST00000035579_90_90:ENSMUST00000202447_90_90;0.998:0.956:0.9490000000000001:1.0
2;ENST00000427718_90_90;;
3;ENST00000548840_90_90;;
4;ENST00000550180_90_90;ENSMUST00000201611_90_90;1.0
5;ENST00000622495_90_90;ENSCAFT00000014796_90_90:ENST00000330622_90_90:ENSMUST00000035579_90_90:ENSMUST00000202447_90_90;0.998:0.956:1.0:0.9490000000000001
6;ENSMUST00000035579_90_90;ENSCAFT00000014796_90_90:ENST00000330622_90_90:ENST00000622495_90_90:ENSMUST00000202447_90_90;0.9990000000000001:0.9490000000000001:1.0:0.953
7;ENSMUST00000201611_90_90;ENST00000550180_90_90;1.0
8;ENSMUST00000202447_90_90;ENSCAFT00000014796_90_90:ENST00000330622_90_90:ENST00000622495_90_90:ENSMUST00000035579_90_90;0.9990000000000001:1.0:0.9490000000000001:0.953
