;id_transcript;orthoorthologues;tsm_scores
0;ENSCAFT00000024046_90_90;ENSMUST00000115345_90_90:ENST00000340666_90_90;0.6920000000000001:0.615
1;ENST00000295987_90_90;ENSMUST00000081893_90_90;0.938
2;ENST00000340666_90_90;ENSCAFT00000024046_90_90:ENSMUST00000115345_90_90;0.615:0.917
3;ENST00000639776_90_90;;
4;ENST00000640721_90_90;;
5;ENSMUST00000081893_90_90;ENST00000295987_90_90;0.938
6;ENSMUST00000115345_90_90;ENSCAFT00000024046_90_90:ENST00000340666_90_90;0.6920000000000001:0.917
