;id_transcript;orthoorthologues;tsm_scores
0;ENSCAFT00000002233_90_90;ENST00000526134_90_90:ENSMUST00000225645_90_90;0.6759999999999999:0.988
1;ENSCAFT00000002236_90_90;ENSMUST00000058735_90_90:ENST00000376395_90_90;0.977:0.9990000000000001
2;ENST00000257468_90_90;ENSMUST00000076454_90_90;0.977
3;ENST00000376395_90_90;ENSMUST00000058735_90_90:ENSCAFT00000002236_90_90;0.978:0.9990000000000001
4;ENST00000526134_90_90;ENSMUST00000225645_90_90:ENSCAFT00000002233_90_90;0.6759999999999999:0.6759999999999999
5;ENST00000529923_90_90;;
6;ENSMUST00000058735_90_90;ENSCAFT00000002236_90_90:ENST00000376395_90_90;0.977:0.978
7;ENSMUST00000076454_90_90;ENST00000257468_90_90;0.977
8;ENSMUST00000225645_90_90;ENST00000526134_90_90:ENSCAFT00000002233_90_90;0.6759999999999999:0.988
