;id_transcript;orthoorthologues;tsm_scores
0;ENSCAFT00000018938_90_90;ENST00000344384_90_90:ENST00000380470_90_90:ENST00000480796_90_90:ENST00000485437_90_90:ENSMUST00000033755_90_90:ENSMUST00000036858_90_90;0.75:0.625:0.75:0.75:0.875:0.875
1;ENST00000344384_90_90;ENSCAFT00000018938_90_90:ENST00000380470_90_90:ENST00000480796_90_90:ENST00000485437_90_90:ENSMUST00000033755_90_90:ENSMUST00000036858_90_90;0.75:0.41700000000000004:0.5:0.35700000000000004:0.889:0.455
2;ENST00000380470_90_90;ENSCAFT00000018938_90_90:ENST00000344384_90_90:ENST00000480796_90_90:ENST00000485437_90_90:ENSMUST00000033755_90_90:ENSMUST00000036858_90_90;0.625:0.41700000000000004:0.875:0.6:0.364:0.75
3;ENST00000480796_90_90;ENSCAFT00000018938_90_90:ENST00000344384_90_90:ENST00000380470_90_90:ENST00000485437_90_90:ENSMUST00000033755_90_90:ENSMUST00000036858_90_90;0.75:0.5:0.875:0.7:0.455:0.875
4;ENST00000485437_90_90;ENSCAFT00000018938_90_90:ENST00000344384_90_90:ENST00000380470_90_90:ENST00000480796_90_90:ENSMUST00000033755_90_90:ENSMUST00000036858_90_90;0.75:0.35700000000000004:0.6:0.7:0.455:0.875
5;ENSMUST00000033755_90_90;ENSCAFT00000018938_90_90:ENST00000344384_90_90:ENST00000380470_90_90:ENST00000480796_90_90:ENST00000485437_90_90:ENSMUST00000036858_90_90;0.875:0.889:0.364:0.455:0.455:0.545
6;ENSMUST00000036858_90_90;ENSCAFT00000018938_90_90:ENST00000344384_90_90:ENST00000380470_90_90:ENST00000480796_90_90:ENST00000485437_90_90:ENSMUST00000033755_90_90;0.875:0.455:0.75:0.875:0.875:0.545
