;id_transcript;orthoorthologues;tsm_scores
0;ENSCAFT00000004700_90_90;ENST00000343060_90_90:ENSMUST00000000964_90_90;0.9129999999999999:0.853
1;ENST00000343060_90_90;ENSCAFT00000004700_90_90:ENSMUST00000000964_90_90;0.9129999999999999:0.927
2;ENST00000355633_90_90;ENSMUST00000120363_90_90;0.897
3;ENSMUST00000000964_90_90;ENSCAFT00000004700_90_90:ENST00000343060_90_90;0.853:0.927
4;ENSMUST00000120363_90_90;ENST00000355633_90_90;0.897
