;id_transcript;orthoorthologues;tsm_scores
0;ENSCAFT00000016744_90_90;ENSCAFT00000045427_90_90:ENST00000335753_90_90:ENST00000369755_90_90:ENSMUST00000026043_90_90:ENSMUST00000051691_90_90;0.966:0.8590000000000001:0.892:0.782:0.815
1;ENSCAFT00000045427_90_90;ENSCAFT00000016744_90_90:ENST00000335753_90_90:ENST00000369755_90_90:ENSMUST00000026043_90_90:ENSMUST00000051691_90_90;0.966:0.887:0.8590000000000001:0.807:0.782
2;ENST00000335753_90_90;ENSCAFT00000016744_90_90:ENSCAFT00000045427_90_90:ENST00000369755_90_90:ENSMUST00000026043_90_90:ENSMUST00000051691_90_90;0.8590000000000001:0.887:0.9620000000000001:0.775:0.752
3;ENST00000369755_90_90;ENSCAFT00000016744_90_90:ENSCAFT00000045427_90_90:ENST00000335753_90_90:ENSMUST00000026043_90_90:ENSMUST00000051691_90_90;0.892:0.8590000000000001:0.9620000000000001:0.752:0.784
4;ENSMUST00000026043_90_90;ENSCAFT00000016744_90_90:ENSCAFT00000045427_90_90:ENST00000335753_90_90:ENST00000369755_90_90:ENSMUST00000051691_90_90;0.782:0.807:0.775:0.752:0.96
5;ENSMUST00000051691_90_90;ENSCAFT00000016744_90_90:ENSCAFT00000045427_90_90:ENST00000335753_90_90:ENST00000369755_90_90:ENSMUST00000026043_90_90;0.815:0.782:0.752:0.784:0.96
