;id_transcript;orthoorthologues;tsm_scores
0;ENSCAFT00000026995_90_90;ENST00000308893_90_90:ENSMUST00000117394_90_90;0.997:0.986
1;ENSCAFT00000045721_90_90;ENST00000279394_90_90:ENSMUST00000071268_90_90;0.9990000000000001:0.991
2;ENST00000279394_90_90;ENSCAFT00000045721_90_90:ENSMUST00000071268_90_90;0.9990000000000001:0.9890000000000001
3;ENST00000308893_90_90;ENSCAFT00000026995_90_90:ENSMUST00000117394_90_90;0.997:0.987
4;ENST00000416441_90_90;;
5;ENST00000543033_90_90;;
6;ENSMUST00000071268_90_90;ENSCAFT00000045721_90_90:ENST00000279394_90_90;0.991:0.9890000000000001
7;ENSMUST00000117394_90_90;ENST00000308893_90_90:ENSCAFT00000026995_90_90;0.987:0.986
8;ENSMUST00000214525_90_90;;
