;id_transcript;orthoorthologues;tsm_scores
0;ENSCAFT00000018483_90_90;ENST00000274000_90_90:ENST00000309703_90_90:ENSMUST00000051737_90_90:ENSMUST00000200409_90_90;1.0:0.917:0.9:0.8
1;ENST00000274000_90_90;ENSCAFT00000018483_90_90:ENST00000309703_90_90:ENSMUST00000051737_90_90:ENSMUST00000200409_90_90;1.0:0.9229999999999999:0.909:0.818
2;ENST00000309703_90_90;ENSCAFT00000018483_90_90:ENST00000274000_90_90:ENSMUST00000051737_90_90:ENSMUST00000200409_90_90;0.917:0.9229999999999999:0.818:0.9
3;ENST00000512741_90_90;;
4;ENSMUST00000051737_90_90;ENSCAFT00000018483_90_90:ENST00000274000_90_90:ENST00000309703_90_90:ENSMUST00000200409_90_90;0.9:0.909:0.818:0.909
5;ENSMUST00000196392_90_90;;
6;ENSMUST00000200409_90_90;ENSCAFT00000018483_90_90:ENST00000274000_90_90:ENST00000309703_90_90:ENSMUST00000051737_90_90;0.8:0.818:0.9:0.909
