;id_transcript;orthoorthologues;tsm_scores
0;ENSCAFT00000000525_90_90;ENST00000265866_90_90:ENST00000354695_90_90:ENSMUST00000020263_90_90:ENSMUST00000118898_90_90;1.0:0.857:0.75:0.625
1;ENST00000265866_90_90;ENSCAFT00000000525_90_90:ENST00000354695_90_90:ENSMUST00000020263_90_90:ENSMUST00000118898_90_90;1.0:0.857:0.75:0.625
2;ENST00000354695_90_90;ENSCAFT00000000525_90_90:ENST00000265866_90_90:ENSMUST00000020263_90_90:ENSMUST00000118898_90_90;0.857:0.857:0.625:0.7140000000000001
3;ENSMUST00000020263_90_90;ENSCAFT00000000525_90_90:ENST00000265866_90_90:ENST00000354695_90_90:ENSMUST00000118898_90_90;0.75:0.75:0.625:0.857
4;ENSMUST00000118898_90_90;ENSCAFT00000000525_90_90:ENST00000265866_90_90:ENST00000354695_90_90:ENSMUST00000020263_90_90;0.625:0.625:0.7140000000000001:0.857
5;ENSMUST00000119814_90_90;ENSMUST00000140743_90_90;1.0
6;ENSMUST00000140743_90_90;ENSMUST00000119814_90_90;1.0
