;id_transcript;orthoorthologues;tsm_scores
0;ENSCAFT00000007841_90_90;ENST00000609104_90_90:ENSMUST00000114937_90_90;0.982:0.973
1;ENST00000277575_90_90;;
2;ENST00000379237_90_90;ENSMUST00000042503_90_90;0.9790000000000001
3;ENST00000609104_90_90;ENSMUST00000114937_90_90:ENSCAFT00000007841_90_90;0.98:0.982
4;ENST00000609853_90_90;;
5;ENSMUST00000042503_90_90;ENST00000379237_90_90;0.9790000000000001
6;ENSMUST00000114937_90_90;ENST00000609104_90_90:ENSCAFT00000007841_90_90;0.98:0.973
