;id_transcript;orthoorthologues;tsm_scores
0;ENSCAFT00000030629_90_90;ENSMUST00000002080_90_90;1.0
1;ENST00000164640_90_90;ENST00000393758_90_90;0.992
2;ENST00000393758_90_90;ENST00000164640_90_90;0.992
3;ENST00000480650_90_90;;
4;ENST00000544474_90_90;ENSMUST00000114438_90_90;0.9420000000000001
5;ENSMUST00000002080_90_90;ENSCAFT00000030629_90_90;1.0
6;ENSMUST00000114438_90_90;ENST00000544474_90_90;0.9420000000000001
