;id_transcript;orthoorthologues;tsm_scores
0;ENSCAFT00000043329_90_90;ENST00000277010_90_90:ENST00000477726_90_90:ENSMUST00000059354_90_90:ENSMUST00000071561_90_90;0.7340000000000001:0.583:1.0:0.82
1;ENST00000277010_90_90;ENSCAFT00000043329_90_90:ENST00000477726_90_90:ENSMUST00000059354_90_90:ENSMUST00000071561_90_90;0.7340000000000001:0.831:0.7340000000000001:0.583
2;ENST00000353468_90_90;;
3;ENST00000378892_90_90;;
4;ENST00000477726_90_90;ENSCAFT00000043329_90_90:ENST00000277010_90_90:ENSMUST00000059354_90_90:ENSMUST00000071561_90_90;0.583:0.831:0.583:0.687
5;ENSMUST00000059354_90_90;ENSCAFT00000043329_90_90:ENST00000277010_90_90:ENST00000477726_90_90:ENSMUST00000071561_90_90;1.0:0.7340000000000001:0.583:0.82
6;ENSMUST00000071561_90_90;ENSCAFT00000043329_90_90:ENST00000277010_90_90:ENST00000477726_90_90:ENSMUST00000059354_90_90;0.82:0.583:0.687:0.82
