;id_transcript;orthoorthologues;tsm_scores
0;ENSCAFT00000005083_90_90;ENSMUST00000132017_90_90:ENST00000354504_90_90;1.0:0.5
1;ENSCAFT00000005085_90_90;ENST00000272322_90_90:ENST00000409558_90_90:ENSMUST00000006221_90_90:ENSMUST00000109578_90_90;0.5710000000000001:0.5379999999999999:0.833:0.818
2;ENST00000272322_90_90;ENSCAFT00000005085_90_90:ENST00000409558_90_90:ENSMUST00000006221_90_90:ENSMUST00000109578_90_90;0.5710000000000001:0.833:0.7140000000000001:0.5710000000000001
3;ENST00000354504_90_90;ENSMUST00000132017_90_90:ENSCAFT00000005083_90_90;0.5:0.5
4;ENST00000409558_90_90;ENSCAFT00000005085_90_90:ENST00000272322_90_90:ENSMUST00000006221_90_90:ENSMUST00000109578_90_90;0.5379999999999999:0.833:0.5710000000000001:0.667
5;ENST00000416400_90_90;;
6;ENSMUST00000006221_90_90;ENSCAFT00000005085_90_90:ENST00000272322_90_90:ENST00000409558_90_90:ENSMUST00000109578_90_90;0.833:0.7140000000000001:0.5710000000000001:0.833
7;ENSMUST00000109578_90_90;ENSCAFT00000005085_90_90:ENST00000272322_90_90:ENST00000409558_90_90:ENSMUST00000006221_90_90;0.818:0.5710000000000001:0.667:0.833
8;ENSMUST00000132017_90_90;ENST00000354504_90_90:ENSCAFT00000005083_90_90;0.5:1.0
