;id_transcript;orthoorthologues;tsm_scores
0;ENSCAFT00000026995_90_90;ENSMUST00000117394_90_90:ENST00000416441_90_90:ENST00000308893_90_90;0.583:0.762:0.727
1;ENSCAFT00000045721_90_90;ENSMUST00000071268_90_90:ENST00000279394_90_90;0.6:0.7140000000000001
2;ENST00000279394_90_90;ENSMUST00000071268_90_90:ENSCAFT00000045721_90_90;0.6:0.7140000000000001
3;ENST00000308893_90_90;ENSMUST00000117394_90_90:ENST00000416441_90_90:ENSCAFT00000026995_90_90;0.652:0.762:0.727
4;ENST00000416441_90_90;ENSMUST00000117394_90_90:ENSCAFT00000026995_90_90:ENST00000308893_90_90;0.609:0.762:0.762
5;ENST00000543033_90_90;;
6;ENSMUST00000071268_90_90;ENSCAFT00000045721_90_90:ENST00000279394_90_90;0.6:0.6
7;ENSMUST00000117394_90_90;ENST00000416441_90_90:ENSCAFT00000026995_90_90:ENST00000308893_90_90;0.609:0.583:0.652
8;ENSMUST00000214525_90_90;;
