;id_transcript;orthoorthologues;tsm_scores
0;ENSCAFT00000016744_90_90;ENSCAFT00000045427_90_90:ENST00000335753_90_90:ENST00000369755_90_90:ENSMUST00000026043_90_90:ENSMUST00000051691_90_90;0.9570000000000001:0.75:0.792:0.6:0.64
1;ENSCAFT00000045427_90_90;ENSCAFT00000016744_90_90:ENST00000335753_90_90:ENST00000369755_90_90:ENSMUST00000026043_90_90:ENSMUST00000051691_90_90;0.9570000000000001:0.7829999999999999:0.75:0.625:0.6
2;ENST00000335753_90_90;ENSCAFT00000016744_90_90:ENSCAFT00000045427_90_90:ENST00000369755_90_90:ENSMUST00000026043_90_90:ENSMUST00000051691_90_90;0.75:0.7829999999999999:0.95:0.565:0.542
3;ENST00000369755_90_90;ENSCAFT00000016744_90_90:ENSCAFT00000045427_90_90:ENST00000335753_90_90:ENSMUST00000026043_90_90:ENSMUST00000051691_90_90;0.792:0.75:0.95:0.542:0.583
4;ENSMUST00000026043_90_90;ENSCAFT00000016744_90_90:ENSCAFT00000045427_90_90:ENST00000335753_90_90:ENST00000369755_90_90:ENSMUST00000051691_90_90;0.6:0.625:0.565:0.542:0.9440000000000001
5;ENSMUST00000051691_90_90;ENSCAFT00000016744_90_90:ENSCAFT00000045427_90_90:ENST00000335753_90_90:ENST00000369755_90_90:ENSMUST00000026043_90_90;0.64:0.6:0.542:0.583:0.9440000000000001
