;id_transcript;orthoorthologues;tsm_scores
0;ENSCAFT00000022316_90_90;ENST00000392456_90_90:ENSMUST00000143823_90_90;1.0:0.8220000000000001
1;ENSCAFT00000022321_90_90;ENST00000392455_90_90;0.958
2;ENST00000392455_90_90;ENSCAFT00000022321_90_90;0.958
3;ENST00000392456_90_90;ENSCAFT00000022316_90_90:ENSMUST00000143823_90_90;1.0:0.815
4;ENSMUST00000039443_90_90;;
5;ENSMUST00000096127_90_90;ENSMUST00000100026_90_90;0.92
6;ENSMUST00000100026_90_90;ENSMUST00000096127_90_90;0.92
7;ENSMUST00000143823_90_90;ENST00000392456_90_90:ENSCAFT00000022316_90_90;0.815:0.8220000000000001
