;id_transcript;orthoorthologues;tsm_scores
0;ENSCAFT00000007604_90_90;ENST00000307296_90_90:ENST00000457054_90_90:ENSMUST00000035086_90_90:ENSMUST00000111861_90_90;1.0:1.0:1.0:1.0
1;ENST00000307296_90_90;ENSCAFT00000007604_90_90:ENST00000457054_90_90:ENSMUST00000035086_90_90:ENSMUST00000111861_90_90;1.0:0.9590000000000001:1.0:0.956
2;ENST00000412887_90_90;;
3;ENST00000413073_90_90;;
4;ENST00000430877_90_90;ENST00000435909_90_90;0.7340000000000001
5;ENST00000435909_90_90;ENST00000430877_90_90;0.7340000000000001
6;ENST00000457054_90_90;ENSCAFT00000007604_90_90:ENST00000307296_90_90:ENSMUST00000035086_90_90:ENSMUST00000111861_90_90;1.0:0.9590000000000001:0.956:1.0
7;ENSMUST00000035086_90_90;ENSCAFT00000007604_90_90:ENST00000307296_90_90:ENST00000457054_90_90:ENSMUST00000111861_90_90;1.0:1.0:0.956:0.9620000000000001
8;ENSMUST00000111861_90_90;ENSCAFT00000007604_90_90:ENST00000307296_90_90:ENST00000457054_90_90:ENSMUST00000035086_90_90;1.0:0.956:1.0:0.9620000000000001
