;id_transcript;orthoorthologues;tsm_scores
0;ENSCAFT00000004081_90_90;ENST00000357250_90_90:ENST00000370496_90_90:ENSMUST00000054588_90_90;0.5:0.429:0.5
1;ENST00000320755_90_90;ENSMUST00000088349_90_90;0.5379999999999999
2;ENST00000357250_90_90;ENSCAFT00000004081_90_90:ENST00000370496_90_90:ENSMUST00000054588_90_90;0.5:0.769:0.615
3;ENST00000370496_90_90;ENSCAFT00000004081_90_90:ENST00000357250_90_90:ENSMUST00000054588_90_90;0.429:0.769:0.429
4;ENSMUST00000054588_90_90;ENSCAFT00000004081_90_90:ENST00000357250_90_90:ENST00000370496_90_90;0.5:0.615:0.429
5;ENSMUST00000088349_90_90;ENST00000320755_90_90;0.5379999999999999
