;id_transcript;orthoorthologues;tsm_scores
0;ENSCAFT00000014095_90_90;ENST00000456523_90_90:ENSMUST00000200059_90_90;0.9840000000000001:0.9520000000000001
1;ENSCAFT00000038532_90_90;ENSMUST00000031280_90_90:ENST00000312465_90_90;0.97:0.993
2;ENST00000312465_90_90;ENSMUST00000031280_90_90:ENSCAFT00000038532_90_90;0.978:0.993
3;ENST00000456523_90_90;ENSCAFT00000014095_90_90:ENSMUST00000200059_90_90;0.9840000000000001:0.968
4;ENST00000507780_90_90;;
5;ENSMUST00000031280_90_90;ENSCAFT00000038532_90_90:ENST00000312465_90_90;0.97:0.978
6;ENSMUST00000200059_90_90;ENSCAFT00000014095_90_90:ENST00000456523_90_90;0.9520000000000001:0.968
