;id_transcript;orthoorthologues;tsm_scores
0;ENSCAFT00000005480_90_90;ENST00000369303_90_90:ENSMUST00000029964_90_90:ENSMUST00000108191_90_90;0.8109999999999999:0.857:0.7829999999999999
1;ENST00000369297_90_90;;
2;ENST00000369303_90_90;ENSCAFT00000005480_90_90:ENSMUST00000029964_90_90:ENSMUST00000108191_90_90;0.8109999999999999:0.721:0.6629999999999999
3;ENSMUST00000029964_90_90;ENSCAFT00000005480_90_90:ENST00000369303_90_90:ENSMUST00000108191_90_90;0.857:0.721:0.914
4;ENSMUST00000080934_90_90;ENSMUST00000108194_90_90;0.804
5;ENSMUST00000108191_90_90;ENSCAFT00000005480_90_90:ENST00000369303_90_90:ENSMUST00000029964_90_90;0.7829999999999999:0.6629999999999999:0.914
6;ENSMUST00000108194_90_90;ENSMUST00000080934_90_90;0.804
