;id_transcript;orthoorthologues;tsm_scores
0;ENSCAFT00000018938_90_90;ENST00000344384_90_90:ENSMUST00000033755_90_90;0.867:0.91
1;ENST00000344384_90_90;ENSCAFT00000018938_90_90:ENSMUST00000033755_90_90;0.867:0.96
2;ENST00000380470_90_90;;
3;ENST00000480796_90_90;ENSMUST00000036858_90_90;0.9440000000000001
4;ENST00000485437_90_90;;
5;ENSMUST00000033755_90_90;ENST00000344384_90_90:ENSCAFT00000018938_90_90;0.96:0.91
6;ENSMUST00000036858_90_90;ENST00000480796_90_90;0.9440000000000001
