;id_transcript;orthoorthologues;tsm_scores
0;ENSCAFT00000002233_90_90;ENSMUST00000225645_90_90:ENST00000526134_90_90;0.7140000000000001:0.444
1;ENSCAFT00000002236_90_90;ENST00000257468_90_90:ENST00000376395_90_90:ENSMUST00000058735_90_90:ENSMUST00000076454_90_90;0.667:0.75:0.708:0.625
2;ENST00000257468_90_90;ENSCAFT00000002236_90_90:ENST00000376395_90_90:ENSMUST00000058735_90_90:ENSMUST00000076454_90_90;0.667:0.9129999999999999:0.72:0.7829999999999999
3;ENST00000376395_90_90;ENSCAFT00000002236_90_90:ENST00000257468_90_90:ENSMUST00000058735_90_90:ENSMUST00000076454_90_90;0.75:0.9129999999999999:0.8:0.72
4;ENST00000526134_90_90;ENSMUST00000225645_90_90:ENSCAFT00000002233_90_90;0.375:0.444
5;ENST00000529923_90_90;;
6;ENSMUST00000058735_90_90;ENSCAFT00000002236_90_90:ENST00000257468_90_90:ENST00000376395_90_90:ENSMUST00000076454_90_90;0.708:0.72:0.8:0.909
7;ENSMUST00000076454_90_90;ENSCAFT00000002236_90_90:ENST00000257468_90_90:ENST00000376395_90_90:ENSMUST00000058735_90_90;0.625:0.7829999999999999:0.72:0.909
8;ENSMUST00000225645_90_90;ENST00000526134_90_90:ENSCAFT00000002233_90_90;0.375:0.7140000000000001
