;id_transcript;orthoorthologues;tsm_scores
0;ENSCAFT00000008032_90_90;ENST00000345008_90_90:ENST00000397463_90_90:ENSMUST00000027582_90_90:ENSMUST00000159417_90_90:ENSMUST00000159529_90_90:ENSMUST00000162899_90_90;0.322:0.45299999999999996:0.452:0.521:0.452:0.452
1;ENST00000345008_90_90;ENSCAFT00000008032_90_90:ENST00000397463_90_90:ENSMUST00000027582_90_90:ENSMUST00000159417_90_90:ENSMUST00000159529_90_90:ENSMUST00000162899_90_90;0.322:0.5660000000000001:0.53:0.446:0.53:0.53
2;ENST00000397463_90_90;ENSCAFT00000008032_90_90:ENST00000345008_90_90:ENSMUST00000027582_90_90:ENSMUST00000159417_90_90:ENSMUST00000159529_90_90:ENSMUST00000162899_90_90;0.45299999999999996:0.5660000000000001:0.332:0.406:0.332:0.332
3;ENST00000449209_90_90;;
4;ENSMUST00000027582_90_90;ENSCAFT00000008032_90_90:ENST00000345008_90_90:ENST00000397463_90_90:ENSMUST00000159417_90_90:ENSMUST00000159529_90_90:ENSMUST00000162899_90_90;0.452:0.53:0.332:0.431:1.0:1.0
5;ENSMUST00000159417_90_90;ENSCAFT00000008032_90_90:ENST00000345008_90_90:ENST00000397463_90_90:ENSMUST00000027582_90_90:ENSMUST00000159529_90_90:ENSMUST00000162899_90_90;0.521:0.446:0.406:0.431:0.431:0.431
6;ENSMUST00000159529_90_90;ENSCAFT00000008032_90_90:ENST00000345008_90_90:ENST00000397463_90_90:ENSMUST00000027582_90_90:ENSMUST00000159417_90_90:ENSMUST00000162899_90_90;0.452:0.53:0.332:1.0:0.431:1.0
7;ENSMUST00000161361_90_90;;
8;ENSMUST00000162899_90_90;ENSCAFT00000008032_90_90:ENST00000345008_90_90:ENST00000397463_90_90:ENSMUST00000027582_90_90:ENSMUST00000159417_90_90:ENSMUST00000159529_90_90;0.452:0.53:0.332:1.0:0.431:1.0
