;id_transcript;orthoorthologues;tsm_scores
0;ENSCAFT00000031572_90_90;ENSMUST00000090553_90_90:ENST00000234677_90_90;0.843:0.883
1;ENST00000234677_90_90;ENSCAFT00000031572_90_90:ENSMUST00000090553_90_90;0.883:0.9570000000000001
2;ENST00000369923_90_90;ENSMUST00000102625_90_90;0.934
3;ENSMUST00000090553_90_90;ENSCAFT00000031572_90_90:ENST00000234677_90_90;0.843:0.9570000000000001
4;ENSMUST00000102625_90_90;ENST00000369923_90_90;0.934
5;ENSMUST00000132467_90_90;;
6;ENSMUST00000153499_90_90;;
