;id_transcript;orthoorthologues;tsm_scores
0;ENSCAFT00000029367_90_90;ENST00000218008_90_90:ENST00000361319_90_90:ENSMUST00000016471_90_90:ENSMUST00000115134_90_90;1.0:1.0:1.0:1.0
1;ENST00000218008_90_90;ENSCAFT00000029367_90_90:ENST00000361319_90_90:ENSMUST00000016471_90_90:ENSMUST00000115134_90_90;1.0:0.9890000000000001:1.0:0.9890000000000001
2;ENST00000361319_90_90;ENSCAFT00000029367_90_90:ENST00000218008_90_90:ENSMUST00000016471_90_90:ENSMUST00000115134_90_90;1.0:0.9890000000000001:0.9890000000000001:1.0
3;ENST00000539306_90_90;;
4;ENSMUST00000016471_90_90;ENSCAFT00000029367_90_90:ENST00000218008_90_90:ENST00000361319_90_90:ENSMUST00000115134_90_90;1.0:1.0:0.9890000000000001:0.9890000000000001
5;ENSMUST00000115134_90_90;ENSCAFT00000029367_90_90:ENST00000218008_90_90:ENST00000361319_90_90:ENSMUST00000016471_90_90;1.0:0.9890000000000001:1.0:0.9890000000000001
