;id_transcript;orthoorthologues;tsm_scores
0;ENSCAFT00000014133_90_90;ENST00000351677_90_90:ENST00000635625_90_90:ENSMUST00000054547_90_90:ENSMUST00000100770_90_90;0.998:0.998:0.9990000000000001:0.9990000000000001
1;ENST00000351677_90_90;ENSCAFT00000014133_90_90:ENST00000635625_90_90:ENSMUST00000054547_90_90:ENSMUST00000100770_90_90;0.998:0.993:0.992:0.998
2;ENST00000392597_90_90;;
3;ENST00000530818_90_90;;
4;ENST00000635625_90_90;ENSCAFT00000014133_90_90:ENST00000351677_90_90:ENSMUST00000054547_90_90:ENSMUST00000100770_90_90;0.998:0.993:0.998:0.992
5;ENST00000635652_90_90;;
6;ENST00000639857_90_90;;
7;ENSMUST00000054547_90_90;ENSCAFT00000014133_90_90:ENST00000351677_90_90:ENST00000635625_90_90:ENSMUST00000100770_90_90;0.9990000000000001:0.992:0.998:0.993
8;ENSMUST00000100770_90_90;ENSCAFT00000014133_90_90:ENST00000351677_90_90:ENST00000635625_90_90:ENSMUST00000054547_90_90;0.9990000000000001:0.998:0.992:0.993
