;id_transcript;orthoorthologues;tsm_scores
0;ENSCAFT00000020479_90_90;ENSMUST00000029795_90_90:ENST00000318247_90_90;0.9540000000000001:0.8079999999999999
1;ENST00000318247_90_90;ENSCAFT00000020479_90_90:ENSMUST00000029795_90_90;0.8079999999999999:0.7809999999999999
2;ENST00000356728_90_90;ENSMUST00000197040_90_90;0.8290000000000001
3;ENST00000638901_90_90;;
4;ENSMUST00000029795_90_90;ENSCAFT00000020479_90_90:ENST00000318247_90_90;0.9540000000000001:0.7809999999999999
5;ENSMUST00000197040_90_90;ENST00000356728_90_90;0.8290000000000001
6;ENSMUST00000200009_90_90;;
